phase,coeff,train_episode,eval_episode,epsilon,mean_glucose,time_in_range_percent,hypo_steps,hypo_events,severe_hyper_steps,severe_hyper_events,total_bolus_units,total_basal_units,total_insulin_units,sum_zone_reward,sum_insulin_penalty,total_reward,action_0_count,action_1_count,action_2_count,action_3_count,action_4_count
train,0.25,0,-1,1.0,178.97127699177057,35.76388888888889,0,0,0,0,310.0,23.47926199261993,333.4792619926199,21.0,-384.5,-363.5,55,66,61,54,52
train,0.25,1,-1,0.9972857142857144,174.71602337730857,61.458333333333336,0,0,0,0,254.2,23.47926199261993,277.6792619926199,243.0,-407.05,-164.04999999999998,62,44,65,55,62
train,0.25,2,-1,0.9945714285714286,182.49199444141263,56.59722222222222,0,0,0,0,249.2,23.47926199261993,272.67926199262,201.0,-391.3,-190.3,63,64,54,43,64
train,0.25,3,-1,0.9918571428571428,85.39923511815697,44.09722222222222,126,15,0,0,274.8,23.47926199261993,298.2792619926199,-3036.0,-381.82499999999993,-3417.825,56,56,67,64,45
train,0.25,4,-1,0.9891428571428572,150.81895424994616,37.5,42,2,0,0,284.8,23.47926199261993,308.2792619926199,-1002.0,-392.275,-1394.275,60,57,57,59,55
train,0.25,5,-1,0.9864285714285714,250.99004227795209,11.458333333333332,0,0,44,16,293.7,23.47926199261993,317.1792619926199,-805.0,-387.975,-1192.975,63,57,55,58,55
train,0.25,6,-1,0.9837142857142858,187.9339228203719,43.05555555555556,0,0,0,0,272.3,23.47926199261993,295.7792619926199,84.0,-414.85,-330.85,45,65,64,52,62
train,0.25,7,-1,0.981,134.62277829495554,59.02777777777778,47,7,0,0,261.0,23.47926199261993,284.4792619926199,-957.0,-383.775,-1340.775,62,58,62,51,55
train,0.25,8,-1,0.9782857142857144,85.55354395669809,31.25,125,17,0,0,266.6,23.47926199261993,290.07926199261993,-3213.0,-394.225,-3607.225,56,62,60,53,57
train,0.25,9,-1,0.9755714285714284,154.23523371634923,64.93055555555556,8,2,0,0,318.7,23.47926199261993,342.1792619926199,72.0,-379.4,-307.4,61,52,69,58,48
train,0.25,10,-1,0.9728571428571428,215.21784578249267,49.65277777777778,0,0,55,2,276.20000000000005,23.47926199261993,299.67926199262,-629.0,-403.175,-1032.175,57,55,67,46,63
train,0.25,11,-1,0.9701428571428572,96.5168304184603,59.02777777777778,88,8,0,0,267.3,23.47926199261993,290.7792619926199,-1968.0,-369.5,-2337.4999999999995,71,45,61,67,44
train,0.25,12,-1,0.9674285714285714,154.3137749570494,88.88888888888889,0,0,0,0,245.2,23.47926199261993,268.6792619926199,480.0,-383.425,96.575,57,63,64,51,53
train,0.25,13,-1,0.9647142857142856,97.03937676545598,58.68055555555556,83,9,0,0,278.1,23.47926199261993,301.57926199261993,-1869.0,-360.025,-2229.025,78,58,49,50,53
train,0.25,14,-1,0.962,172.0498787299385,52.43055555555556,0,0,0,0,274.0,23.47926199261993,297.4792619926199,165.0,-431.9,-266.9,41,58,66,59,64
train,0.25,15,-1,0.9592857142857144,91.56372030772135,64.93055555555556,66,7,0,0,254.8,23.47926199261993,278.2792619926199,-1416.0,-402.6,-1818.6,62,55,56,51,64
train,0.25,16,-1,0.9565714285714286,141.15338576171638,71.875,2,1,0,0,270.9,23.47926199261993,294.3792619926199,240.0,-420.3,-180.3,51,67,47,55,68
train,0.25,17,-1,0.9538571428571428,96.30332787306077,64.93055555555556,75,5,0,0,305.70000000000005,23.47926199261993,329.17926199262,-1602.0,-393.4,-1995.4,69,58,45,52,64
train,0.25,18,-1,0.9511428571428572,90.5112135414584,54.16666666666666,108,7,0,0,283.9,23.47926199261993,307.3792619926199,-2484.0,-399.775,-2883.775,53,63,62,51,59
train,0.25,19,-1,0.9484285714285714,116.1292684313093,45.48611111111111,83,6,0,0,268.0,23.47926199261993,291.4792619926199,-1950.0,-396.95,-2346.9500000000003,57,58,62,53,58
train,0.25,20,-1,0.9457142857142856,123.85691458749528,62.15277777777778,58,6,0,0,296.6,23.47926199261993,320.07926199261993,-1203.0,-385.15,-1588.15,63,63,54,50,58
train,0.25,21,-1,0.943,202.29086913351347,39.58333333333333,0,0,20,1,255.4,23.47926199261993,278.8792619926199,-226.0,-343.925,-569.925,72,64,57,54,41
train,0.25,22,-1,0.9402857142857144,135.66809762759593,88.88888888888889,0,0,0,0,254.90000000000003,23.47926199261993,278.37926199261994,471.0,-340.54999999999995,130.45,73,68,54,51,42
train,0.25,23,-1,0.9375714285714286,109.57245918675524,30.90277777777778,115,10,0,0,249.1,23.47926199261993,272.5792619926199,-2871.0,-395.65,-3266.65,54,58,65,57,54
train,0.25,24,-1,0.9348571428571428,88.76968794308634,54.513888888888886,78,9,0,0,266.1,23.47926199261993,289.57926199261993,-1848.0,-397.85,-2245.85,54,62,55,63,54
train,0.25,25,-1,0.9321428571428572,86.4666214428578,50.69444444444444,94,10,0,0,314.6,23.47926199261993,338.07926199261993,-2250.0,-417.125,-2667.125,60,50,51,62,65
train,0.25,26,-1,0.9294285714285714,146.88511122856627,79.16666666666666,0,0,0,0,256.5,23.47926199261993,279.9792619926199,396.0,-387.225,8.774999999999999,65,60,49,57,57
train,0.25,27,-1,0.9267142857142856,86.93888962246382,53.125,128,2,0,0,263.5,23.47926199261993,286.9792619926199,-2922.0,-363.7,-3285.7,64,65,61,50,48
train,0.25,28,-1,0.924,112.07687937567596,92.01388888888889,9,2,0,0,268.0,23.47926199261993,291.4792619926199,249.0,-386.05,-137.04999999999998,65,55,54,60,54
train,0.25,29,-1,0.9212857142857144,148.87525547948417,42.01388888888889,24,5,0,0,247.8,23.47926199261993,271.2792619926199,-585.0,-377.725,-962.725,62,54,67,56,49
train,0.25,30,-1,0.9185714285714286,179.56322944936176,47.91666666666667,0,0,0,0,274.3,23.47926199261993,297.7792619926199,126.0,-390.55,-264.55,71,54,47,54,62
train,0.25,31,-1,0.9158571428571428,122.22317191243286,96.5277777777778,3,3,0,0,286.70000000000005,23.47926199261993,310.17926199262,459.0,-400.825,58.175,70,46,47,64,61
train,0.25,32,-1,0.9131428571428571,266.62401934485786,4.861111111111112,0,0,82,11,258.0,23.47926199261993,281.4792619926199,-1394.0,-383.825,-1777.825,69,46,53,71,49
train,0.25,33,-1,0.9104285714285714,141.46031610598595,75.0,0,0,0,0,278.5,23.47926199261993,301.9792619926199,333.0,-414.0,-81.0,54,50,63,61,60
train,0.25,34,-1,0.9077142857142856,90.05150343838693,42.70833333333333,107,9,0,0,292.5,23.47926199261993,315.9792619926199,-2631.0,-411.525,-3042.5250000000005,62,55,52,50,69
train,0.25,35,-1,0.905,58.94055517836888,11.805555555555555,223,11,0,0,244.8,23.47926199261993,268.2792619926199,-5631.0,-378.55,-6009.549999999999,53,68,61,60,46
train,0.25,36,-1,0.9022857142857142,110.09105183119298,43.05555555555556,76,13,0,0,265.5,23.47926199261993,288.9792619926199,-1854.0,-397.6,-2251.6000000000004,59,61,54,54,60
train,0.25,37,-1,0.8995714285714286,174.9042444331387,59.375,0,0,0,0,266.9,23.47926199261993,290.3792619926199,225.0,-387.625,-162.625,69,51,46,69,53
train,0.25,38,-1,0.8968571428571429,161.2454432923049,73.26388888888889,0,0,0,0,301.3,23.47926199261993,324.7792619926199,345.0,-346.2,-1.2000000000000028,82,54,56,48,48
train,0.25,39,-1,0.8941428571428571,188.01403062692984,34.02777777777778,0,0,0,0,284.1,23.47926199261993,307.57926199261993,6.0,-353.375,-347.375,82,54,51,50,51
train,0.25,40,-1,0.8914285714285715,91.60410456919794,38.88888888888889,107,12,0,0,275.8,23.47926199261993,299.2792619926199,-2673.0,-434.975,-3107.9749999999995,53,57,43,64,71
train,0.25,41,-1,0.8887142857142857,160.00449492711311,64.58333333333334,1,1,0,0,213.9,23.47926199261993,237.37926199261992,222.0,-369.4,-147.39999999999998,65,61,57,57,48
train,0.25,42,-1,0.886,82.91697942873797,49.30555555555556,83,13,0,0,243.9,23.47926199261993,267.3792619926199,-2043.0,-372.225,-2415.2250000000004,54,66,69,54,45
train,0.25,43,-1,0.8832857142857142,91.61197764327586,60.41666666666666,76,6,0,0,264.2,23.47926199261993,287.6792619926199,-1704.0,-373.8,-2077.8,70,57,51,58,52
train,0.25,44,-1,0.8805714285714286,92.46988575397502,56.94444444444444,104,4,0,0,263.3,23.47926199261993,286.7792619926199,-2352.0,-398.85,-2750.8499999999995,57,64,49,60,58
train,0.25,45,-1,0.8778571428571429,104.08839017518218,67.36111111111111,56,9,0,0,260.1,23.47926199261993,283.57926199261993,-1158.0,-391.475,-1549.475,65,48,60,60,55
train,0.25,46,-1,0.8751428571428571,265.3469700172822,0.0,0,0,75,7,239.5,23.47926199261993,262.9792619926199,-1338.0,-366.275,-1704.275,69,58,61,49,51
train,0.25,47,-1,0.8724285714285714,82.44040799485056,50.34722222222222,89,12,0,0,316.7,23.47926199261993,340.1792619926199,-2151.0,-376.7,-2527.7,64,53,63,60,48
train,0.25,48,-1,0.8697142857142857,156.76184427558712,73.61111111111111,0,0,0,0,265.1,23.47926199261993,288.5792619926199,336.0,-355.725,-19.724999999999994,74,58,59,48,49
train,0.25,49,-1,0.867,104.82883119319126,63.888888888888886,86,4,0,0,299.6,23.47926199261993,323.07926199261993,-1854.0,-403.525,-2257.525,56,63,45,67,57
eval,0.25,49,0,0.0,137.75472271107097,93.75,0,0,0,0,261.0,23.47926199261993,284.4792619926199,522.0,-354.0,168.0,115,18,17,90,48
eval,0.25,49,1,0.0,159.7870308429733,69.44444444444444,0,0,0,0,254.6,23.47926199261993,278.07926199261993,312.0,-338.0,-25.99999999999999,122,15,33,66,52
eval,0.25,49,2,0.0,94.5990405478856,39.58333333333333,87,13,0,0,138.0,23.47926199261993,161.47926199261994,-2223.0,-325.29999999999995,-2548.3,49,105,60,42,32
eval,0.25,49,3,0.0,90.40890573932978,38.19444444444444,128,8,0,0,154.5,23.47926199261993,177.97926199261994,-3141.0,-252.15,-3393.15,52,137,56,37,6
eval,0.25,49,4,0.0,90.2755109989864,64.58333333333334,86,4,0,0,150.6,23.47926199261993,174.07926199261993,-1842.0,-339.125,-2181.125,60,108,14,69,37
train,0.25,50,-1,0.8642857142857143,168.64148873763872,51.388888888888886,10,1,0,0,283.0,23.47926199261993,306.4792619926199,-90.0,-383.125,-473.12500000000006,68,54,57,52,57
train,0.25,51,-1,0.8615714285714285,94.58276768839828,64.93055555555556,59,7,0,0,265.1,23.47926199261993,288.57926199261993,-1251.0,-396.875,-1647.875,61,58,46,68,55
train,0.25,52,-1,0.8588571428571429,153.7118176512082,89.58333333333334,0,0,0,0,260.4,23.47926199261993,283.8792619926199,486.0,-376.3,109.70000000000002,64,58,55,63,48
train,0.25,53,-1,0.8561428571428571,219.5566937058322,19.444444444444446,0,0,0,0,260.6,23.47926199261993,284.07926199261993,-120.0,-369.525,-489.525,64,53,61,69,41
train,0.25,54,-1,0.8534285714285714,102.24055430905426,55.55555555555556,78,10,0,0,227.5,23.47926199261993,250.97926199261997,-1791.0,-344.04999999999995,-2135.05,72,62,62,50,42
train,0.25,55,-1,0.8507142857142858,144.68440943497194,49.30555555555556,28,7,0,0,273.1,23.47926199261993,296.57926199261993,-615.0,-406.925,-1021.925,60,62,45,56,65
train,0.25,56,-1,0.848,101.52017927817364,69.09722222222221,31,8,0,0,256.6,23.47926199261993,280.07926199261993,-609.0,-389.925,-998.925,58,63,59,51,57
train,0.25,57,-1,0.8452857142857143,165.12440894379515,68.40277777777779,0,0,0,0,248.0,23.47926199261993,271.4792619926199,303.0,-376.525,-73.525,58,66,59,56,49
train,0.25,58,-1,0.8425714285714285,99.13894868836633,55.90277777777778,116,2,0,0,281.9,23.47926199261993,305.3792619926199,-2622.0,-415.35,-3037.3499999999995,42,74,56,54,62
train,0.25,59,-1,0.8398571428571429,142.0266392335569,65.27777777777779,21,2,0,0,292.4,23.47926199261993,315.8792619926199,-258.0,-397.025,-655.0250000000001,66,45,65,51,61
train,0.25,60,-1,0.8371428571428572,69.3205548851428,30.90277777777778,162,6,0,0,255.3,23.47926199261993,278.7792619926199,-4020.0,-376.9500000000001,-4396.950000000001,52,75,61,50,50
train,0.25,61,-1,0.8344285714285714,126.63019630775452,88.54166666666666,14,3,0,0,367.6,23.47926199261993,391.07926199261993,87.0,-405.45,-318.45,57,48,67,58,58
train,0.25,62,-1,0.8317142857142857,186.9102065000796,42.36111111111111,0,0,0,0,281.7,23.47926199261993,305.1792619926199,78.0,-343.975,-265.975,65,66,69,49,39
train,0.25,63,-1,0.829,271.33850442081786,4.513888888888888,0,0,114,3,281.80000000000007,23.47926199261993,305.27926199262,-1845.0,-374.525,-2219.525,69,52,56,62,49
train,0.25,64,-1,0.8262857142857143,154.53742847794695,79.51388888888889,0,0,0,0,285.8,23.47926199261993,309.2792619926199,399.0,-392.625,6.375,69,55,46,57,61
train,0.25,65,-1,0.8235714285714286,133.4121579346864,67.01388888888889,5,2,0,0,300.90000000000003,23.47926199261993,324.37926199261994,90.0,-364.625,-274.625,72,59,50,58,49
train,0.25,66,-1,0.8208571428571428,186.33989179594744,44.79166666666667,0,0,0,0,283.2,23.47926199261993,306.6792619926199,99.0,-348.125,-249.125,79,57,65,34,53
train,0.25,67,-1,0.8181428571428572,211.37160625024703,41.66666666666667,0,0,41,5,259.0,23.47926199261993,282.4792619926199,-502.0,-353.375,-855.375,75,61,58,43,51
train,0.25,68,-1,0.8154285714285714,164.24909987465838,49.65277777777778,7,4,0,0,261.9,23.47926199261993,285.3792619926199,-60.0,-362.725,-422.725,70,55,65,49,49
train,0.25,69,-1,0.8127142857142857,68.61487861669384,27.43055555555556,179,10,0,0,243.2,23.47926199261993,266.6792619926199,-4437.0,-376.65,-4813.65,54,68,61,59,46
train,0.25,70,-1,0.81,189.45771857767508,53.81944444444444,0,0,3,2,223.2,23.47926199261993,246.67926199261996,135.0,-324.04999999999995,-189.04999999999995,91,48,56,55,38
train,0.25,71,-1,0.8072857142857143,279.02546164065404,2.7777777777777777,0,0,129,6,250.5,23.47926199261993,273.9792619926199,-2070.0,-333.05,-2403.05,91,51,52,48,46
train,0.25,72,-1,0.8045714285714286,183.7764649421364,41.31944444444444,0,0,0,0,298.7,23.47926199261993,322.1792619926199,69.0,-369.05,-300.04999999999995,74,52,59,49,54
train,0.25,73,-1,0.8018571428571428,125.04457825173432,77.43055555555556,30,4,0,0,282.79999999999995,23.47926199261993,306.27926199261987,-399.0,-369.8,-768.8000000000001,71,57,61,43,56
train,0.25,74,-1,0.7991428571428572,118.01450426528484,70.83333333333334,55,8,0,0,252.0,23.47926199261993,275.4792619926199,-1053.0,-341.7,-1394.6999999999998,78,60,49,61,40
train,0.25,75,-1,0.7964285714285715,235.10205745685937,11.11111111111111,0,0,19,8,267.5,23.47926199261993,290.9792619926199,-458.0,-353.57499999999993,-811.5749999999999,82,55,49,51,51
train,0.25,76,-1,0.7937142857142857,120.89204591836258,69.79166666666666,49,6,0,0,267.5,23.47926199261993,290.9792619926199,-951.0,-345.325,-1296.325,66,77,56,44,45
train,0.25,77,-1,0.791,92.35051035741554,55.55555555555556,86,11,0,0,260.6,23.47926199261993,284.07926199261993,-1998.0,-394.75,-2392.75,59,59,65,43,62
train,0.25,78,-1,0.7882857142857143,144.6643791535424,90.9722222222222,0,0,0,0,305.40000000000003,23.47926199261993,328.87926199261994,498.0,-362.05,135.95,52,81,65,44,46
train,0.25,79,-1,0.7855714285714286,129.3562814052137,85.41666666666666,4,1,0,0,296.6,23.47926199261993,320.07926199261993,315.0,-387.325,-72.325,62,53,62,58,53
train,0.25,80,-1,0.7828571428571429,154.97492278048992,79.51388888888889,0,0,0,0,316.0,23.47926199261993,339.4792619926199,399.0,-357.15,41.85000000000001,72,61,52,57,46
train,0.25,81,-1,0.7801428571428571,62.99665285476564,25.34722222222222,207,4,0,0,280.7,23.47926199261993,304.1792619926199,-5061.0,-357.825,-5418.825,72,60,65,38,53
train,0.25,82,-1,0.7774285714285715,227.35555280071105,25.0,0,0,22,4,260.5,23.47926199261993,283.9792619926199,-380.0,-364.525,-744.5249999999999,79,55,52,45,57
train,0.25,83,-1,0.7747142857142857,137.06433029579426,97.56944444444444,0,0,0,0,310.20000000000005,23.47926199261993,333.67926199262,555.0,-332.7,222.3,73,69,67,35,44
train,0.25,84,-1,0.772,121.95039770720751,75.34722222222221,42,2,0,0,286.1,23.47926199261993,309.57926199261993,-684.0,-375.275,-1059.275,63,67,63,36,59
train,0.25,85,-1,0.7692857142857144,145.84219900517272,75.34722222222221,6,1,0,0,268.9,23.47926199261993,292.3792619926199,189.0,-379.0,-190.0,60,58,62,60,48
train,0.25,86,-1,0.7665714285714286,232.0782789370448,26.041666666666668,0,0,47,2,218.0,23.47926199261993,241.47926199261997,-721.0,-317.0,-1038.0,86,58,59,49,36
train,0.25,87,-1,0.7638571428571428,97.58387767592392,55.208333333333336,113,2,0,0,278.0,23.47926199261993,301.4792619926199,-2571.0,-369.075,-2940.075,62,65,64,46,51
train,0.25,88,-1,0.7611428571428571,129.28507343901376,56.94444444444444,47,4,0,0,311.1,23.47926199261993,334.57926199261993,-978.0,-353.525,-1331.525,66,62,70,45,45
train,0.25,89,-1,0.7584285714285715,202.7063309612301,27.08333333333333,0,0,0,0,269.29999999999995,23.47926199261993,292.77926199261987,-54.0,-330.125,-384.125,89,55,46,57,41
train,0.25,90,-1,0.7557142857142858,96.58951705133502,77.77777777777779,26,4,0,0,310.9,23.47926199261993,334.3792619926199,-354.0,-389.375,-743.3749999999999,54,59,67,57,51
train,0.25,91,-1,0.753,165.72846083413896,50.0,9,2,0,0,272.70000000000005,23.47926199261993,296.17926199262,-78.0,-320.825,-398.825,84,59,66,38,41
train,0.25,92,-1,0.7502857142857143,84.24295332434927,40.625,129,5,0,0,273.2,23.47926199261993,296.6792619926199,-3132.0,-342.5,-3474.5,75,67,58,40,48
train,0.25,93,-1,0.7475714285714286,141.17134525428787,54.16666666666666,27,4,0,0,236.8,23.47926199261993,260.2792619926199,-525.0,-332.92499999999995,-857.9250000000001,73,57,75,46,37
train,0.25,94,-1,0.7448571428571429,159.70118989346827,47.56944444444444,23,4,0,0,280.8,23.47926199261993,304.2792619926199,-474.0,-364.275,-838.2750000000001,70,68,44,55,51
train,0.25,95,-1,0.7421428571428572,81.04034180683294,44.79166666666667,146,4,0,0,273.8,23.47926199261993,297.2792619926199,-3444.0,-382.7,-3826.7,58,61,64,53,52
train,0.25,96,-1,0.7394285714285714,136.81691487169837,61.11111111111112,34,2,0,0,287.70000000000005,23.47926199261993,311.17926199262,-612.0,-338.225,-950.225,72,74,55,42,45
train,0.25,97,-1,0.7367142857142857,216.20696080626672,24.65277777777778,0,0,34,5,278.9,23.47926199261993,302.3792619926199,-551.0,-338.025,-889.0249999999999,85,60,51,43,49
train,0.25,98,-1,0.734,158.32529765971776,77.08333333333334,0,0,0,0,323.79999999999995,23.47926199261993,347.27926199261987,378.0,-361.0750000000001,16.925000000000004,74,55,60,48,51
train,0.25,99,-1,0.7312857142857143,135.23643779519148,69.44444444444444,31,6,0,0,293.5,23.47926199261993,316.9792619926199,-522.0,-379.025,-901.025,67,59,64,37,61
eval,0.25,99,0,0.0,71.63836753274846,34.72222222222222,176,4,0,0,323.1,23.47926199261993,346.57926199261993,-4248.0,-454.225,-4702.224999999999,47,98,21,17,105
eval,0.25,99,1,0.0,141.92978723840426,50.0,41,6,0,0,357.7,23.47926199261993,381.1792619926199,-909.0,-294.9,-1203.9,55,164,14,7,48
eval,0.25,99,2,0.0,150.5759607765443,75.34722222222221,0,0,0,0,440.2,23.47926199261993,463.6792619926199,354.0,-279.425,74.575,57,159,20,15,37
eval,0.25,99,3,0.0,143.0515030582259,88.19444444444444,0,0,0,0,433.2,23.47926199261993,456.6792619926199,468.0,-284.0,184.0,39,185,16,12,36
eval,0.25,99,4,0.0,72.1484772238694,30.90277777777778,120,14,0,0,281.90000000000003,23.47926199261993,305.37926199261994,-3138.0,-396.2000000000001,-3534.2,40,108,41,31,68
train,0.25,0,-1,1.0,182.717065043975,51.04166666666666,0,0,0,0,281.70000000000005,23.47926199261993,305.17926199262,153.0,-408.475,-255.475,52,48,64,73,51
train,0.25,1,-1,0.9972857142857144,186.931751385857,48.61111111111111,0,0,0,0,258.6,23.47926199261993,282.07926199261993,132.0,-378.825,-246.825,60,65,59,51,53
train,0.25,2,-1,0.9945714285714286,83.40623154324966,43.05555555555556,129,10,0,0,273.2,23.47926199261993,296.6792619926199,-3117.0,-411.15,-3528.15,58,51,58,59,62
train,0.25,3,-1,0.9918571428571428,153.93915266084272,42.01388888888889,42,2,0,0,254.9,23.47926199261993,278.37926199261994,-963.0,-415.0,-1378.0,56,60,46,62,64
train,0.25,4,-1,0.9891428571428572,244.80948672239623,14.23611111111111,0,0,31,8,274.9,23.47926199261993,298.3792619926199,-599.0,-402.5,-1001.5,54,59,57,62,56
train,0.25,5,-1,0.9864285714285714,184.51170059814956,44.44444444444444,0,0,0,0,274.9,23.47926199261993,298.3792619926199,96.0,-382.475,-286.475,57,67,62,47,55
train,0.25,6,-1,0.9837142857142858,148.1790717520061,59.72222222222222,30,2,0,0,265.20000000000005,23.47926199261993,288.67926199262,-528.0,-387.85,-915.85,59,63,54,58,54
train,0.25,7,-1,0.981,84.76876925376862,36.11111111111111,120,11,0,0,290.8,23.47926199261993,314.2792619926199,-3036.0,-378.55,-3414.55,59,62,62,55,50
train,0.25,8,-1,0.9782857142857144,183.18367121634932,53.47222222222222,0,0,0,0,238.2,23.47926199261993,261.6792619926199,174.0,-390.525,-216.525,62,55,54,64,53
train,0.25,9,-1,0.9755714285714284,234.92075601793636,34.02777777777778,0,0,81,3,279.20000000000005,23.47926199261993,302.67926199262,-1128.0,-406.125,-1534.1250000000002,56,62,57,48,65
train,0.25,10,-1,0.9728571428571428,88.31150434972325,48.61111111111111,92,10,0,0,315.7,23.47926199261993,339.1792619926199,-2235.0,-435.75,-2670.7500000000005,53,46,59,60,70
train,0.25,11,-1,0.9701428571428572,150.597455512605,90.625,0,0,0,0,252.3,23.47926199261993,275.7792619926199,495.0,-390.4500000000001,104.55,55,59,61,63,50
train,0.25,12,-1,0.9674285714285714,89.80809562523913,43.05555555555556,97,13,0,0,260.0,23.47926199261993,283.4792619926199,-2439.0,-397.675,-2836.675,58,44,70,65,51
train,0.25,13,-1,0.9647142857142856,185.29050372993845,42.70833333333333,0,0,0,0,242.1,23.47926199261993,265.5792619926199,81.0,-396.6,-315.6,56,59,60,57,56
train,0.25,14,-1,0.962,99.2330513472348,74.65277777777779,52,3,0,0,234.8,23.47926199261993,258.2792619926199,-954.0,-369.57499999999993,-1323.575,72,61,57,39,59
train,0.25,15,-1,0.9592857142857144,141.42230937282753,77.08333333333334,0,0,0,0,293.20000000000005,23.47926199261993,316.67926199262,363.0,-376.8,-13.800000000000011,68,53,59,56,52
train,0.25,16,-1,0.9565714285714286,96.04182427283128,60.763888888888886,72,5,0,0,263.4,23.47926199261993,286.8792619926199,-1584.0,-402.375,-1986.375,55,67,53,50,63
train,0.25,17,-1,0.9538571428571428,89.89148985795106,54.513888888888886,99,9,0,0,274.1,23.47926199261993,297.5792619926199,-2289.0,-388.375,-2677.375,57,58,62,60,51
train,0.25,18,-1,0.9511428571428572,120.36947692703728,39.93055555555556,85,6,0,0,283.0,23.47926199261993,306.4792619926199,-2049.0,-421.225,-2470.225,44,62,61,60,61
train,0.25,19,-1,0.9484285714285714,125.0406275086438,62.84722222222222,44,3,0,0,283.0,23.47926199261993,306.4792619926199,-885.0,-384.3,-1269.3,61,59,64,48,56
train,0.25,20,-1,0.9457142857142856,197.47784830018023,33.68055555555556,0,0,23,1,276.9,23.47926199261993,300.3792619926199,-376.0,-372.35,-748.3499999999999,62,56,73,47,50
train,0.25,21,-1,0.943,116.14857810807638,90.2777777777778,7,2,0,0,283.6,23.47926199261993,307.07926199261993,264.0,-421.175,-157.17499999999998,54,57,53,57,67
train,0.25,22,-1,0.9402857142857144,104.95809340586987,37.5,127,9,0,0,267.3,23.47926199261993,290.7792619926199,-3075.0,-367.45,-3442.45,60,58,75,49,46
train,0.25,23,-1,0.9375714285714286,84.21623221079817,44.09722222222222,100,12,0,0,292.6,23.47926199261993,316.0792619926199,-2490.0,-392.6,-2882.6000000000004,57,59,63,53,56
train,0.25,24,-1,0.9348571428571428,95.77489156181228,67.01388888888889,60,8,0,0,245.2,23.47926199261993,268.67926199262,-1251.0,-406.95,-1657.95,52,57,63,58,58
train,0.25,25,-1,0.9321428571428572,146.94865289523304,77.43055555555556,0,0,0,0,244.3,23.47926199261993,267.7792619926199,381.0,-366.575,14.425000000000011,70,55,49,71,43
train,0.25,26,-1,0.9294285714285714,88.74355204800527,52.43055555555556,129,1,0,0,252.1,23.47926199261993,275.57926199261993,-2955.0,-431.475,-3386.475,46,57,67,47,71
train,0.25,27,-1,0.9267142857142856,112.18955298678716,87.84722222222221,13,3,0,0,274.9,23.47926199261993,298.3792619926199,93.0,-354.975,-261.975,72,58,62,49,47
train,0.25,28,-1,0.924,145.4674429794842,51.04166666666666,16,4,0,0,311.7,23.47926199261993,335.1792619926199,-306.0,-412.725,-718.725,61,62,41,55,69
train,0.25,29,-1,0.9212857142857144,176.90767389380608,50.34722222222222,0,0,0,0,297.40000000000003,23.47926199261993,320.87926199261994,147.0,-389.5750000000001,-242.57500000000005,78,43,50,54,63
train,0.25,30,-1,0.9185714285714286,117.75741709511536,92.36111111111111,7,1,0,0,264.5,23.47926199261993,287.9792619926199,303.0,-365.55,-62.55,76,50,55,57,50
train,0.25,31,-1,0.9158571428571428,268.90197073374674,4.861111111111112,0,0,86,11,268.0,23.47926199261993,291.4792619926199,-1450.0,-371.025,-1821.025,71,50,59,59,49
train,0.25,32,-1,0.9131428571428571,139.48745418156145,67.01388888888889,15,4,0,0,299.2,23.47926199261993,322.6792619926199,-126.0,-397.05,-523.0500000000001,56,56,61,61,54
train,0.25,33,-1,0.9104285714285714,88.5324227146356,39.23611111111111,127,11,0,0,281.9,23.47926199261993,305.3792619926199,-3105.0,-394.5,-3499.5,59,63,55,51,60
train,0.25,34,-1,0.9077142857142856,58.3827692946212,10.416666666666668,224,9,0,0,280.9,23.47926199261993,304.3792619926199,-5676.0,-413.15,-6089.150000000001,51,61,57,57,62
train,0.25,35,-1,0.905,118.8671225103162,51.04166666666666,46,7,0,0,281.8,23.47926199261993,305.2792619926199,-1080.0,-395.125,-1475.125,68,51,52,56,61
train,0.25,36,-1,0.9022857142857142,191.54382776647208,40.27777777777778,0,0,8,1,283.5,23.47926199261993,306.9792619926199,-52.0,-372.225,-424.225,67,53,63,56,49
train,0.25,37,-1,0.8995714285714286,155.82096412563808,78.81944444444444,0,0,0,0,291.0,23.47926199261993,314.4792619926199,393.0,-354.92499999999995,38.07499999999999,79,63,45,48,53
train,0.25,38,-1,0.8968571428571429,203.08573201581876,27.77777777777778,0,0,0,0,277.0,23.47926199261993,300.4792619926199,-48.0,-371.4,-419.4,68,61,60,43,56
train,0.25,39,-1,0.8941428571428571,89.82895559694022,39.58333333333333,111,12,0,0,282.6,23.47926199261993,306.07926199261993,-2760.0,-388.3,-3148.3,60,66,56,46,60
train,0.25,40,-1,0.8914285714285715,171.80553659377995,57.638888888888886,0,0,0,0,267.8,23.47926199261993,291.2792619926199,210.0,-369.2,-159.2,78,47,53,58,52
train,0.25,41,-1,0.8887142857142857,84.58623083551554,50.69444444444444,67,11,0,0,253.8,23.47926199261993,277.2792619926199,-1683.0,-378.025,-2061.0250000000005,61,60,59,59,49
train,0.25,42,-1,0.886,91.457634047152,59.375,85,6,0,0,313.7,23.47926199261993,337.1792619926199,-1911.0,-406.94999999999993,-2317.9500000000003,56,46,64,68,54
train,0.25,43,-1,0.8832857142857142,87.72067300897908,50.69444444444444,114,7,0,0,271.5,23.47926199261993,294.9792619926199,-2670.0,-409.7,-3079.7,53,54,65,56,60
train,0.25,44,-1,0.8805714285714286,103.395459907693,69.09722222222221,51,7,0,0,286.8,23.47926199261993,310.2792619926199,-1029.0,-384.975,-1413.975,66,53,58,56,55
train,0.25,45,-1,0.8778571428571429,242.27405335061545,1.3888888888888888,0,0,25,2,281.1,23.47926199261993,304.57926199261993,-626.0,-369.15,-995.15,66,64,53,55,50
train,0.25,46,-1,0.8751428571428571,82.42478346231103,50.0,84,12,0,0,272.90000000000003,23.47926199261993,296.37926199261994,-2052.0,-371.6,-2423.6000000000004,61,62,63,54,48
train,0.25,47,-1,0.8724285714285714,148.1114970533648,73.95833333333334,7,1,0,0,301.40000000000003,23.47926199261993,324.87926199261994,168.0,-373.475,-205.475,74,47,63,49,55
train,0.25,48,-1,0.8697142857142857,100.60886492814856,64.23611111111111,86,5,0,0,275.0,23.47926199261993,298.4792619926199,-1848.0,-374.65,-2222.65,70,56,55,53,54
train,0.25,49,-1,0.867,174.27690540430527,47.22222222222222,4,2,0,0,247.1,23.47926199261993,270.57926199261993,3.0,-360.825,-357.825,73,53,63,50,49
eval,0.25,49,0,0.0,164.82289539162613,71.875,0,0,0,0,355.7,23.47926199261993,379.1792619926199,333.0,-245.625,87.375,99,88,48,32,21
eval,0.25,49,1,0.0,240.94799162020263,23.958333333333336,0,0,104,3,258.0,23.47926199261993,281.4792619926199,-1537.0,-205.8,-1742.8000000000002,132,58,58,24,16
eval,0.25,49,2,0.0,184.43161349358823,36.80555555555556,0,0,0,0,316.2,23.47926199261993,339.6792619926199,30.0,-246.95,-216.95,98,86,47,39,18
eval,0.25,49,3,0.0,69.15073963892752,25.34722222222222,166,15,0,0,220.2,23.47926199261993,243.67926199261996,-4200.0,-274.94999999999993,-4474.95,103,67,19,85,14
eval,0.25,49,4,0.0,107.44241735293548,60.41666666666666,112,1,0,0,307.6,23.47926199261993,331.0792619926199,-2457.0,-316.65000000000003,-2773.65,80,71,36,75,26
train,0.25,50,-1,0.8642857142857143,96.61646343971094,65.625,60,5,0,0,244.7,23.47926199261993,268.1792619926199,-1257.0,-378.15,-1635.1499999999996,61,58,57,66,46
train,0.25,51,-1,0.8615714285714285,148.00174820676375,93.4027777777778,0,0,0,0,265.4,23.47926199261993,288.8792619926199,519.0,-373.69999999999993,145.3,66,64,57,45,56
train,0.25,52,-1,0.8588571428571429,218.66988815027676,18.40277777777778,0,0,0,0,274.20000000000005,23.47926199261993,297.67926199262,-129.0,-386.725,-515.7249999999999,61,58,57,59,53
train,0.25,53,-1,0.8561428571428571,107.84800476070951,63.19444444444444,73,5,0,0,255.1,23.47926199261993,278.57926199261993,-1554.0,-382.3250000000001,-1936.325,60,58,59,62,49
train,0.25,54,-1,0.8534285714285714,156.8567872747833,54.86111111111112,1,1,0,0,263.6,23.47926199261993,287.07926199261993,123.0,-366.575,-243.575,67,51,64,63,43
train,0.25,55,-1,0.8507142857142858,109.25906816706252,82.98611111111111,14,4,0,0,232.6,23.47926199261993,256.07926199261993,-12.0,-380.625,-392.625,62,51,68,58,49
train,0.25,56,-1,0.848,173.04576311046193,60.06944444444444,0,0,0,0,239.4,23.47926199261993,262.87926199261994,231.0,-341.725,-110.72500000000002,78,61,56,48,45
train,0.25,57,-1,0.8452857142857143,100.44200866100422,54.86111111111112,116,2,0,0,245.0,23.47926199261993,268.4792619926199,-2634.0,-371.325,-3005.325,58,68,56,61,45
train,0.25,58,-1,0.8425714285714285,125.36549294505085,70.13888888888889,36,2,0,0,241.6,23.47926199261993,265.07926199261993,-609.0,-387.0750000000001,-996.075,64,55,57,57,55
train,0.25,59,-1,0.8398571428571429,71.13987464166752,33.68055555555556,157,8,0,0,239.1,23.47926199261993,262.57926199261993,-3867.0,-383.275,-4250.275,56,65,53,67,47
train,0.25,60,-1,0.8371428571428572,128.70700652171666,88.88888888888889,8,3,0,0,319.0,23.47926199261993,342.4792619926199,219.0,-379.125,-160.125,64,52,63,60,49
train,0.25,61,-1,0.8344285714285714,184.120275944524,44.44444444444444,0,0,0,0,301.1,23.47926199261993,324.57926199261993,96.0,-377.0,-281.0,79,50,48,51,60
train,0.25,62,-1,0.8317142857142857,271.0075480912731,5.208333333333334,0,0,122,3,293.0,23.47926199261993,316.4792619926199,-1951.0,-348.025,-2299.025,81,58,51,49,49
train,0.25,63,-1,0.829,136.43222014461375,87.84722222222221,7,2,0,0,282.5,23.47926199261993,305.9792619926199,276.0,-399.6,-123.60000000000002,60,49,62,61,56
train,0.25,64,-1,0.8262857142857143,144.67101210135309,60.06944444444444,2,1,0,0,293.5,23.47926199261993,316.9792619926199,150.0,-393.6,-243.6,61,53,61,57,56
train,0.25,65,-1,0.8235714285714286,174.70100290705844,58.68055555555556,0,0,0,0,294.6,23.47926199261993,318.07926199261993,219.0,-367.9,-148.9,72,57,54,53,52
train,0.25,66,-1,0.8208571428571428,209.3410506946915,44.79166666666667,0,0,48,6,235.4,23.47926199261993,258.87926199261994,-573.0,-337.675,-910.675,74,64,57,54,39
train,0.25,67,-1,0.8181428571428572,177.98798876354738,47.56944444444444,0,0,0,0,272.7,23.47926199261993,296.1792619926199,123.0,-365.725,-242.725,70,49,71,49,49
train,0.25,68,-1,0.8154285714285714,68.7523228974893,27.77777777777778,174,8,0,0,293.5,23.47926199261993,316.9792619926199,-4326.0,-407.625,-4733.625,52,56,69,50,61
train,0.25,69,-1,0.8127142857142857,174.76340238648416,62.15277777777778,0,0,0,0,279.3,23.47926199261993,302.7792619926199,249.0,-360.17499999999995,-111.175,74,54,63,46,51
train,0.25,70,-1,0.81,275.44351719620954,3.8194444444444446,0,0,101,8,289.6,23.47926199261993,313.07926199261993,-1669.0,-350.525,-2019.525,77,57,46,67,41
train,0.25,71,-1,0.8072857142857143,185.31743716435852,39.93055555555556,0,0,0,0,260.0,23.47926199261993,283.4792619926199,57.0,-325.92499999999995,-268.925,98,39,62,44,45
train,0.25,72,-1,0.8045714285714286,133.0256546406232,75.0,12,4,0,0,261.6,23.47926199261993,285.07926199261993,-21.0,-391.425,-412.42500000000007,53,58,72,52,53
train,0.25,73,-1,0.8018571428571428,134.53561447120302,76.73611111111111,11,5,0,0,289.2,23.47926199261993,312.6792619926199,36.0,-359.525,-323.52500000000003,85,52,41,57,53
train,0.25,74,-1,0.7991428571428572,235.1355644013039,11.11111111111111,0,0,6,4,274.9,23.47926199261993,298.3792619926199,-276.0,-373.875,-649.875,78,45,55,55,55
train,0.25,75,-1,0.7964285714285715,114.80672533272164,67.70833333333334,53,6,0,0,281.8,23.47926199261993,305.2792619926199,-1083.0,-383.35,-1466.35,67,57,49,61,54
train,0.25,76,-1,0.7937142857142857,97.62614173487935,61.458333333333336,60,10,0,0,250.0,23.47926199261993,273.4792619926199,-1350.0,-392.6,-1742.6,57,52,68,59,52
train,0.25,77,-1,0.791,138.10396248687567,91.31944444444444,0,0,0,0,291.3,23.47926199261993,314.7792619926199,480.0,-384.575,95.425,62,62,54,55,55
train,0.25,78,-1,0.7882857142857143,117.372253627436,80.55555555555556,17,2,0,0,256.19999999999993,23.47926199261993,279.67926199261984,-102.0,-367.75,-469.7500000000001,65,58,54,69,42
train,0.25,79,-1,0.7855714285714286,170.5349922249344,63.54166666666666,0,0,0,0,273.1,23.47926199261993,296.57926199261993,261.0,-357.05,-96.04999999999995,77,52,54,59,46
train,0.25,80,-1,0.7828571428571429,66.87028385420315,26.041666666666668,197,5,0,0,247.50000000000003,23.47926199261993,270.97926199262,-4839.0,-384.25,-5223.25,55,63,56,68,46
train,0.25,81,-1,0.7801428571428571,208.9588514118223,27.08333333333333,0,0,3,1,250.0,23.47926199261993,273.4792619926199,-96.0,-356.79999999999995,-452.8,84,49,58,41,56
train,0.25,82,-1,0.7774285714285715,148.04071918468324,95.83333333333334,0,0,0,0,233.9,23.47926199261993,257.37926199261994,540.0,-351.70000000000005,188.3,73,52,62,61,40
train,0.25,83,-1,0.7747142857142857,117.871038660661,76.38888888888889,41,2,0,0,265.19999999999993,23.47926199261993,288.67926199261984,-669.0,-370.1,-1039.1,62,64,59,55,48
train,0.25,84,-1,0.772,146.72483789406164,82.29166666666666,3,1,0,0,292.40000000000003,23.47926199261993,315.87926199261994,339.0,-377.625,-38.62499999999999,67,52,64,52,53
train,0.25,85,-1,0.7692857142857144,236.3558831037116,27.43055555555556,0,0,52,2,267.20000000000005,23.47926199261993,290.67926199262,-779.0,-345.225,-1124.225,85,47,56,55,45
train,0.25,86,-1,0.7665714285714286,100.68881669343342,54.16666666666666,110,2,0,0,248.8,23.47926199261993,272.2792619926199,-2520.0,-358.55,-2878.55,70,56,64,52,46
train,0.25,87,-1,0.7638571428571428,131.3263208050435,69.09722222222221,32,3,0,0,271.4,23.47926199261993,294.8792619926199,-492.0,-341.04999999999995,-833.0500000000001,83,57,59,39,50
train,0.25,88,-1,0.7611428571428571,198.7240611914603,32.63888888888889,0,0,0,0,314.5,23.47926199261993,337.9792619926199,-6.0,-361.2,-367.2,86,41,53,56,52
train,0.25,89,-1,0.7584285714285715,109.23566010951896,91.66666666666666,6,2,0,0,264.0,23.47926199261993,287.4792619926199,312.0,-385.15,-73.15,60,59,55,64,50
train,0.25,90,-1,0.7557142857142858,168.85728027858346,46.875,0,0,0,0,281.0,23.47926199261993,304.4792619926199,90.0,-379.925,-289.925,58,62,61,58,49
train,0.25,91,-1,0.753,86.76475790560256,45.13888888888889,112,7,0,0,221.1,23.47926199261993,244.57926199262,-2706.0,-346.67499999999995,-3052.675,69,65,63,48,43
train,0.25,92,-1,0.7502857142857143,136.77065080984346,60.06944444444444,21,2,0,0,247.2,23.47926199261993,270.6792619926199,-348.0,-342.79999999999995,-690.8000000000001,80,60,49,55,44
train,0.25,93,-1,0.7475714285714286,152.22155708124646,53.81944444444444,37,1,0,0,234.7,23.47926199261993,258.1792619926199,-723.0,-322.875,-1045.8750000000002,84,64,51,50,39
train,0.25,94,-1,0.7448571428571429,87.72983219764262,47.56944444444444,143,4,0,0,271.1,23.47926199261993,294.5792619926199,-3333.0,-357.75,-3690.75,81,62,46,41,58
train,0.25,95,-1,0.7421428571428572,144.9005721505249,53.81944444444444,29,1,0,0,245.1,23.47926199261993,268.57926199261993,-540.0,-350.625,-890.625,81,57,49,52,49
train,0.25,96,-1,0.7394285714285714,204.02327868664693,37.15277777777778,0,0,9,3,246.1,23.47926199261993,269.57926199261993,-93.0,-341.35,-434.35,85,60,41,56,46
train,0.25,97,-1,0.7367142857142857,182.9456101597178,39.93055555555556,0,0,0,0,229.2,23.47926199261993,252.67926199262,57.0,-300.725,-243.725,99,59,47,46,37
train,0.25,98,-1,0.734,136.54298007964317,66.31944444444444,28,6,0,0,245.0,23.47926199261993,268.4792619926199,-486.0,-328.1,-814.1000000000001,81,66,57,40,44
train,0.25,99,-1,0.7312857142857143,221.8421592856729,36.80555555555556,0,0,85,4,263.7,23.47926199261993,287.1792619926199,-1160.0,-352.625,-1512.625,78,56,49,60,45
eval,0.25,99,0,0.0,176.55837389201557,54.16666666666666,0,0,0,0,80.8,23.47926199261993,104.27926199261992,180.0,-81.725,98.275,210,43,23,11,1
eval,0.25,99,1,0.0,209.261168391258,35.41666666666667,0,0,14,5,80.0,23.47926199261993,103.47926199261993,-178.0,-61.0,-239.0,232,32,10,14,0
eval,0.25,99,2,0.0,86.21446244459442,62.15277777777778,53,7,0,0,124.8,23.47926199261993,148.27926199261992,-1191.0,-226.90000000000003,-1417.9,59,135,73,17,4
eval,0.25,99,3,0.0,149.9757013011062,99.30555555555556,0,0,0,0,88.0,23.47926199261993,111.47926199261993,570.0,-95.0,475.0,196,49,30,13,0
eval,0.25,99,4,0.0,183.95060573444732,41.31944444444444,0,0,0,0,81.6,23.47926199261993,105.07926199261992,69.0,-82.69999999999999,-13.700000000000005,212,38,23,15,0
train,0.25,0,-1,1.0,188.87046666363477,53.81944444444444,0,0,0,0,259.70000000000005,23.47926199261993,283.17926199262,177.0,-383.05,-206.05,61,65,52,56,54
train,0.25,1,-1,0.9972857142857144,87.00422264937795,43.75,132,13,0,0,308.3,23.47926199261993,331.7792619926199,-3168.0,-412.475,-3580.4749999999995,51,62,58,54,63
train,0.25,2,-1,0.9945714285714286,154.2781556388351,33.33333333333333,42,2,0,0,288.80000000000007,23.47926199261993,312.27926199262,-1038.0,-400.6,-1438.5999999999997,62,52,57,57,60
train,0.25,3,-1,0.9918571428571428,236.93309783350747,17.36111111111111,0,0,11,2,269.2,23.47926199261993,292.6792619926199,-292.0,-378.07499999999993,-670.075,67,56,53,61,51
train,0.25,4,-1,0.9891428571428572,191.40267282037192,37.15277777777778,0,0,0,0,284.0,23.47926199261993,307.4792619926199,33.0,-407.85,-374.85,56,54,63,53,62
train,0.25,5,-1,0.9864285714285714,140.07593121935497,61.458333333333336,36,2,0,0,231.8,23.47926199261993,255.27926199261992,-657.0,-412.6,-1069.6,48,63,59,58,60
train,0.25,6,-1,0.9837142857142858,86.55881522893274,34.375,116,13,0,0,297.8,23.47926199261993,321.2792619926199,-2976.0,-416.875,-3392.8750000000005,54,46,57,76,55
train,0.25,7,-1,0.981,177.5975601052382,56.25,0,0,0,0,257.6,23.47926199261993,281.07926199261993,198.0,-372.07499999999993,-174.075,68,60,52,57,51
train,0.25,8,-1,0.9782857142857144,218.9927192340084,46.52777777777778,0,0,58,1,300.4,23.47926199261993,323.8792619926199,-698.0,-443.575,-1141.575,52,45,61,55,75
train,0.25,9,-1,0.9755714285714284,88.20436962827024,46.875,93,11,0,0,300.6,23.47926199261993,324.07926199261993,-2286.0,-398.075,-2684.075,56,55,63,59,55
train,0.25,10,-1,0.9728571428571428,151.05874023482727,88.19444444444444,0,0,0,0,314.79999999999995,23.47926199261993,338.27926199261987,474.0,-363.8,110.2,72,54,65,45,52
train,0.25,11,-1,0.9701428571428572,92.93198930621352,50.0,81,15,0,0,239.79999999999995,23.47926199261993,263.27926199261987,-1983.0,-356.25,-2339.2500000000005,65,74,57,42,50
train,0.25,12,-1,0.9674285714285714,177.8514412299384,50.69444444444444,0,0,0,0,299.20000000000005,23.47926199261993,322.67926199262,150.0,-418.9,-268.9,42,69,63,50,64
train,0.25,13,-1,0.9647142857142856,92.99035179990652,65.625,71,7,0,0,275.0,23.47926199261993,298.4792619926199,-1509.0,-378.07499999999993,-1887.0750000000005,64,59,63,47,55
train,0.25,14,-1,0.962,161.12873298393887,73.26388888888889,0,0,0,0,243.0,23.47926199261993,266.4792619926199,342.0,-419.07499999999993,-77.07499999999996,51,60,45,73,59
train,0.25,15,-1,0.9592857142857144,106.56790393103113,69.44444444444444,57,3,0,0,261.7,23.47926199261993,285.1792619926199,-1113.0,-354.275,-1467.275,67,56,73,49,43
train,0.25,16,-1,0.9565714285714286,88.02900002271052,52.43055555555556,112,7,0,0,274.9,23.47926199261993,298.3792619926199,-2598.0,-384.3,-2982.3,51,69,60,60,48
train,0.25,17,-1,0.9538571428571428,120.42429942788266,45.48611111111111,80,3,0,0,204.6,23.47926199261993,228.07926199261996,-1857.0,-361.75,-2218.75,66,76,50,42,54
train,0.25,18,-1,0.9511428571428572,126.57160751713415,61.11111111111112,47,6,0,0,296.7,23.47926199261993,320.1792619926199,-981.0,-387.25,-1368.25,65,54,61,50,58
train,0.25,19,-1,0.9484285714285714,210.43192737925935,38.54166666666667,0,0,26,1,279.1,23.47926199261993,302.57926199261993,-319.0,-377.3,-696.2999999999998,79,48,51,50,60
train,0.25,20,-1,0.9457142857142856,114.64778512759597,92.01388888888889,6,1,0,0,290.3,23.47926199261993,313.7792619926199,315.0,-390.875,-75.87499999999997,65,52,54,62,55
train,0.25,21,-1,0.943,102.81844690158624,41.31944444444444,120,11,0,0,268.1,23.47926199261993,291.57926199261993,-2901.0,-383.85,-3284.85,60,56,62,60,50
train,0.25,22,-1,0.9402857142857144,96.68077744910062,67.70833333333334,39,8,0,0,246.5,23.47926199261993,269.9792619926199,-801.0,-369.95,-1170.95,71,56,52,59,50
train,0.25,23,-1,0.9375714285714286,95.57548697630573,68.40277777777779,61,6,0,0,269.3,23.47926199261993,292.7792619926199,-1251.0,-400.3,-1651.3,57,52,57,70,52
train,0.25,24,-1,0.9348571428571428,126.21879178412188,80.20833333333334,4,4,0,0,304.7,23.47926199261993,328.1792619926199,201.0,-372.8,-171.80000000000004,69,53,55,63,48
train,0.25,25,-1,0.9321428571428572,83.28021661576524,46.875,133,3,0,0,337.6,23.47926199261993,361.07926199261993,-3135.0,-442.225,-3577.225,53,53,43,66,73
train,0.25,26,-1,0.9294285714285714,124.62653215345388,97.2222222222222,1,1,0,0,233.4,23.47926199261993,256.8792619926199,507.0,-387.6,119.4,61,58,54,63,52
train,0.25,27,-1,0.9267142857142856,156.325081868373,44.79166666666667,14,6,0,0,300.0,23.47926199261993,323.4792619926199,-321.0,-412.9,-733.9,53,70,47,50,68
train,0.25,28,-1,0.924,186.1637502826951,39.23611111111111,0,0,0,0,284.0,23.47926199261993,307.4792619926199,51.0,-388.625,-337.625,67,51,57,56,57
train,0.25,29,-1,0.9212857142857144,121.57434189220278,94.44444444444444,7,1,0,0,326.9,23.47926199261993,350.3792619926199,339.0,-382.8250000000001,-43.82499999999999,66,58,49,62,53
train,0.25,30,-1,0.9185714285714286,251.3715887893024,4.861111111111112,0,0,24,3,273.5,23.47926199261993,296.9792619926199,-582.0,-375.55,-957.55,70,50,64,50,54
train,0.25,31,-1,0.9158571428571428,131.70285082820814,75.34722222222221,15,4,0,0,295.0,23.47926199261993,318.4792619926199,-60.0,-381.275,-441.2750000000001,69,56,57,47,59
train,0.25,32,-1,0.9131428571428571,92.73554408431056,44.09722222222222,84,10,0,0,249.1,23.47926199261993,272.5792619926199,-2118.0,-377.4,-2495.4,69,48,64,55,52
train,0.25,33,-1,0.9104285714285714,59.23381585440802,13.194444444444445,220,10,0,0,231.7,23.47926199261993,255.17926199261996,-5544.0,-393.925,-5937.925,60,60,60,47,61
train,0.25,34,-1,0.9077142857142856,107.56408807221798,41.66666666666667,75,12,0,0,298.8,23.47926199261993,322.2792619926199,-1869.0,-398.0,-2267.0,61,54,60,53,60
train,0.25,35,-1,0.905,186.287577766472,46.18055555555556,0,0,0,0,267.1,23.47926199261993,290.57926199261993,111.0,-378.125,-267.125,60,65,60,50,53
train,0.25,36,-1,0.9022857142857142,153.9390196811936,81.94444444444444,0,0,0,0,300.3,23.47926199261993,323.7792619926199,420.0,-402.525,17.475000000000016,70,37,53,71,57
train,0.25,37,-1,0.8995714285714286,188.98416951581876,31.25,0,0,0,0,300.20000000000005,23.47926199261993,323.67926199262,-18.0,-389.925,-407.925,67,54,50,60,57
train,0.25,38,-1,0.8968571428571429,88.1618703775855,35.06944444444444,119,13,0,0,318.5,23.47926199261993,341.9792619926199,-3006.0,-416.5,-3422.5,63,43,54,64,64
train,0.25,39,-1,0.8941428571428571,178.7786268715576,52.77777777777778,0,0,0,0,289.5,23.47926199261993,312.9792619926199,168.0,-357.8,-189.79999999999995,74,57,56,53,48
train,0.25,40,-1,0.8914285714285715,83.6626014283575,50.0,73,14,0,0,275.79999999999995,23.47926199261993,299.27926199261987,-1821.0,-400.375,-2221.3750000000005,66,53,43,67,59
train,0.25,41,-1,0.8887142857142857,102.83281729329764,73.61111111111111,56,7,0,0,276.70000000000005,23.47926199261993,300.17926199262,-1056.0,-380.57499999999993,-1436.575,64,61,56,52,55
train,0.25,42,-1,0.886,83.3814092057858,48.95833333333333,122,8,0,0,258.0,23.47926199261993,281.4792619926199,-2868.0,-371.975,-3239.975,65,59,55,62,47
train,0.25,43,-1,0.8832857142857142,100.27268846516694,65.27777777777779,68,9,0,0,273.0,23.47926199261993,296.4792619926199,-1452.0,-402.19999999999993,-1854.2,56,59,59,54,60
train,0.25,44,-1,0.8805714285714286,255.2632894617266,0.0,0,0,49,1,246.8,23.47926199261993,270.2792619926199,-974.0,-380.35,-1354.35,67,56,55,56,54
train,0.25,45,-1,0.8778571428571429,88.49790692320381,61.11111111111112,66,11,0,0,252.6,23.47926199261993,276.07926199261993,-1482.0,-385.425,-1867.425,60,63,46,70,49
train,0.25,46,-1,0.8751428571428571,153.49200881512655,74.65277777777779,3,2,0,0,257.5,23.47926199261993,280.9792619926199,267.0,-359.525,-92.52499999999998,69,68,43,63,45
train,0.25,47,-1,0.8724285714285714,86.86765414553224,51.73611111111112,114,8,0,0,277.29999999999995,23.47926199261993,300.77926199261987,-2652.0,-436.85,-3088.85,50,37,74,61,66
train,0.25,48,-1,0.8697142857142857,185.7503429043053,42.70833333333333,0,0,0,0,256.1,23.47926199261993,279.57926199261993,81.0,-318.475,-237.475,95,52,55,43,43
train,0.25,49,-1,0.867,103.11498099897852,69.44444444444444,44,5,0,0,252.0,23.47926199261993,275.4792619926199,-855.0,-390.025,-1245.025,63,62,47,59,57
eval,0.25,49,0,0.0,90.31473008837357,60.763888888888886,56,9,0,0,238.0,23.47926199261993,261.4792619926199,-1278.0,-312.90000000000003,-1590.9,73,61,46,100,8
eval,0.25,49,1,0.0,124.99895974454913,81.59722222222221,6,4,0,0,254.5,23.47926199261993,277.9792619926199,189.0,-285.225,-96.22499999999994,82,37,90,78,1
eval,0.25,49,2,0.0,231.8295367507259,2.7777777777777777,0,0,0,0,174.79999999999998,23.47926199261993,198.27926199261992,-264.0,-172.1,-436.1,158,0,107,23,0
eval,0.25,49,3,0.0,95.49476773557366,55.90277777777778,56,7,0,0,223.6,23.47926199261993,247.07926199261996,-1314.0,-298.775,-1612.7750000000003,66,70,61,88,3
eval,0.25,49,4,0.0,101.89651157377772,58.333333333333336,69,7,0,0,232.1,23.47926199261993,255.57926199262,-1524.0,-299.625,-1823.625,64,78,48,97,1
train,0.25,50,-1,0.8642857142857143,146.71667876231928,93.75,0,0,0,0,273.4,23.47926199261993,296.8792619926199,522.0,-377.725,144.275,67,56,50,66,49
train,0.25,51,-1,0.8615714285714285,204.38360342805436,22.569444444444446,0,0,0,0,263.5,23.47926199261993,286.9792619926199,-93.0,-324.94999999999993,-417.9500000000001,82,65,50,53,38
train,0.25,52,-1,0.8588571428571429,97.8746094717916,52.77777777777778,81,10,0,0,264.0,23.47926199261993,287.4792619926199,-1908.0,-392.9,-2300.9,63,58,48,63,56
train,0.25,53,-1,0.8561428571428571,157.98751644144994,53.125,3,2,0,0,255.2,23.47926199261993,278.6792619926199,60.0,-379.525,-319.525,71,47,66,47,57
train,0.25,54,-1,0.8534285714285714,101.3923264253208,70.13888888888889,31,9,0,0,268.9,23.47926199261993,292.3792619926199,-591.0,-403.94999999999993,-994.95,48,74,49,59,58
train,0.25,55,-1,0.8507142857142858,164.28378394379513,64.93055555555556,0,0,0,0,272.2,23.47926199261993,295.6792619926199,273.0,-348.1,-75.1,77,65,48,50,48
train,0.25,56,-1,0.848,104.49936166276647,56.59722222222222,112,3,0,0,248.0,23.47926199261993,271.4792619926199,-2520.0,-381.05,-2901.05,59,64,62,49,54
train,0.25,57,-1,0.8452857142857143,160.81069277083986,59.02777777777778,14,1,0,0,284.8,23.47926199261993,308.2792619926199,-126.0,-344.4,-470.4,79,55,58,52,44
train,0.25,58,-1,0.8425714285714285,71.26253922886525,32.98611111111111,150,6,0,0,270.0,23.47926199261993,293.4792619926199,-3732.0,-394.7,-4126.7,57,52,65,62,52
train,0.25,59,-1,0.8398571428571429,134.47492995501838,85.76388888888889,6,1,0,0,280.0,23.47926199261993,303.4792619926199,237.0,-381.025,-144.02499999999998,54,75,55,51,53
train,0.25,60,-1,0.8371428571428572,207.05378288896844,20.833333333333336,0,0,0,0,226.3,23.47926199261993,249.77926199261992,-108.0,-351.15,-459.15,72,59,57,58,42
train,0.25,61,-1,0.8344285714285714,268.0128832540015,7.986111111111111,0,0,112,6,245.5,23.47926199261993,268.9792619926199,-1787.0,-348.1,-2135.1,82,60,50,44,52
train,0.25,62,-1,0.8317142857142857,142.43135208905804,89.23611111111111,1,1,0,0,261.1,23.47926199261993,284.57926199261993,432.0,-361.925,70.075,63,72,49,59,45
train,0.25,63,-1,0.829,139.1550398791308,56.94444444444444,7,3,0,0,276.8,23.47926199261993,300.2792619926199,-45.0,-380.55,-425.55,69,55,51,59,54
train,0.25,64,-1,0.8262857142857143,192.1247876292809,38.19444444444444,0,0,0,0,244.2,23.47926199261993,267.6792619926199,42.0,-338.65,-296.65,84,58,58,38,50
train,0.25,65,-1,0.8235714285714286,190.2143145835802,53.125,0,0,6,2,268.2,23.47926199261993,291.6792619926199,87.0,-361.625,-274.625,78,52,50,59,49
train,0.25,66,-1,0.8208571428571428,178.88104431910284,50.69444444444444,0,0,0,0,236.5,23.47926199261993,259.9792619926199,150.0,-345.225,-195.225,76,56,65,46,45
train,0.25,67,-1,0.8181428571428572,67.66571023652858,27.43055555555556,176,11,0,0,283.4,23.47926199261993,306.8792619926199,-4374.0,-383.425,-4757.424999999999,55,58,57,77,41
train,0.25,68,-1,0.8154285714285714,188.68388849759512,54.16666666666666,0,0,4,2,245.0,23.47926199261993,268.4792619926199,124.0,-359.125,-235.125,72,63,51,53,49
train,0.25,69,-1,0.8127142857142857,286.1202533073208,2.7777777777777777,0,0,141,7,294.7,23.47926199261993,318.1792619926199,-2238.0,-352.575,-2590.5750000000003,78,47,68,48,47
train,0.25,70,-1,0.81,205.9386177199141,34.375,0,0,5,4,292.9,23.47926199261993,316.3792619926199,-61.0,-353.325,-414.325,74,60,45,68,41
train,0.25,71,-1,0.8072857142857143,143.23607130728988,80.90277777777779,2,2,0,0,302.9,23.47926199261993,326.3792619926199,303.0,-373.2,-70.2,70,47,62,61,48
train,0.25,72,-1,0.8045714285714286,116.29468189357108,72.56944444444444,51,9,0,0,276.1,23.47926199261993,299.57926199261993,-945.0,-360.675,-1305.675,75,59,51,52,51
train,0.25,73,-1,0.8018571428571428,241.5020574568595,11.11111111111111,0,0,42,9,250.4,23.47926199261993,273.87926199261994,-780.0,-344.1,-1124.1,86,57,50,43,52
train,0.25,74,-1,0.7991428571428572,111.511207912449,65.97222222222221,56,8,0,0,275.1,23.47926199261993,298.57926199261993,-1182.0,-365.425,-1547.425,72,49,66,52,49
train,0.25,75,-1,0.7964285714285715,91.53006698251704,57.29166666666666,93,8,0,0,294.79999999999995,23.47926199261993,318.27926199261987,-2115.0,-379.2,-2494.2,61,51,78,46,52
train,0.25,76,-1,0.7937142857142857,142.08903193132008,88.88888888888889,0,0,0,0,283.3,23.47926199261993,306.7792619926199,474.0,-406.57499999999993,67.425,60,55,47,67,59
train,0.25,77,-1,0.791,122.77711473854704,82.63888888888889,16,3,0,0,268.6,23.47926199261993,292.0792619926199,-18.0,-378.65,-396.6500000000001,75,50,60,41,62
train,0.25,78,-1,0.7882857142857143,180.18383168939883,54.86111111111112,0,0,0,0,272.1,23.47926199261993,295.57926199261993,186.0,-335.2,-149.2,85,52,53,58,40
train,0.25,79,-1,0.7855714285714286,65.34094295137349,25.34722222222222,200,5,0,0,277.7,23.47926199261993,301.1792619926199,-4914.0,-382.85,-5296.849999999999,55,70,46,71,46
train,0.25,80,-1,0.7828571428571429,229.1911430784889,22.916666666666664,0,0,27,3,278.9,23.47926199261993,302.3792619926199,-468.0,-368.2,-836.2000000000002,64,63,58,55,48
train,0.25,81,-1,0.7801428571428571,145.1440177957944,98.26388888888889,0,0,0,0,292.5,23.47926199261993,315.9792619926199,561.0,-373.65,187.35,70,58,53,53,54
train,0.25,82,-1,0.7774285714285715,112.37478824843748,77.08333333333334,42,2,0,0,247.3,23.47926199261993,270.7792619926199,-690.0,-383.4,-1073.4,68,51,60,53,56
train,0.25,83,-1,0.7747142857142857,151.62553233850608,74.65277777777779,2,1,0,0,241.5,23.47926199261993,264.9792619926199,288.0,-367.8,-79.79999999999998,63,48,73,64,40
train,0.25,84,-1,0.772,245.164042825934,23.26388888888889,0,0,61,6,284.7,23.47926199261993,308.1792619926199,-941.0,-349.875,-1290.875,73,49,75,48,43
train,0.25,85,-1,0.7692857142857144,102.8744990560804,51.73611111111112,112,4,0,0,254.1,23.47926199261993,277.57926199261993,-2589.0,-337.375,-2926.3750000000005,77,63,58,47,43
train,0.25,86,-1,0.7665714285714286,153.85213606998192,71.52777777777779,3,1,0,0,245.5,23.47926199261993,268.9792619926199,234.0,-356.35,-122.35,75,54,64,45,50
train,0.25,87,-1,0.7638571428571428,218.43482508034933,19.09722222222222,0,0,0,0,252.7,23.47926199261993,276.1792619926199,-123.0,-344.475,-467.475,82,62,43,54,47
train,0.25,88,-1,0.7611428571428571,124.46170177618568,94.0972222222222,0,0,0,0,263.8,23.47926199261993,287.2792619926199,498.0,-361.4,136.60000000000002,69,59,61,51,48
train,0.25,89,-1,0.7584285714285715,160.82290527858336,54.513888888888886,5,3,0,0,320.3,23.47926199261993,343.7792619926199,48.0,-358.65,-310.65,78,59,51,46,54
train,0.25,90,-1,0.7557142857142858,93.4556620490775,48.95833333333333,102,7,0,0,263.4,23.47926199261993,286.8792619926199,-2412.0,-382.0,-2794.0,62,64,56,50,56
train,0.25,91,-1,0.753,152.75346330984348,64.23611111111111,0,0,0,0,270.2,23.47926199261993,293.6792619926199,228.0,-370.975,-142.975,60,59,63,63,43
train,0.25,92,-1,0.7502857142857143,144.76439963006584,52.083333333333336,39,2,0,0,283.1,23.47926199261993,306.57926199261993,-813.0,-350.82499999999993,-1163.825,79,53,61,46,49
train,0.25,93,-1,0.7475714285714286,84.99037985319265,46.875,144,4,0,0,247.7,23.47926199261993,271.17926199262,-3366.0,-392.825,-3758.825,62,56,49,68,53
train,0.25,94,-1,0.7448571428571429,136.24956406352163,59.02777777777778,35,2,0,0,245.4,23.47926199261993,268.87926199261994,-669.0,-374.15,-1043.15,69,58,62,41,58
train,0.25,95,-1,0.7421428571428572,215.35400941737785,27.77777777777778,0,0,44,5,282.7,23.47926199261993,306.1792619926199,-664.0,-342.67499999999995,-1006.675,82,53,61,45,47
train,0.25,96,-1,0.7394285714285714,160.76713793749548,77.08333333333334,0,0,0,0,297.4,23.47926199261993,320.8792619926199,378.0,-351.975,26.025,88,55,42,48,55
train,0.25,97,-1,0.7367142857142857,135.33737302366094,75.34722222222221,17,3,0,0,279.0,23.47926199261993,302.4792619926199,-153.0,-349.025,-502.0250000000001,67,63,65,52,41
train,0.25,98,-1,0.734,211.3217920434307,46.52777777777778,0,0,53,8,221.4,23.47926199261993,244.87926199261997,-628.0,-318.1,-946.1,95,44,71,34,44
train,0.25,99,-1,0.7312857142857143,142.74538749581754,80.55555555555556,0,0,0,0,288.0,23.47926199261993,311.4792619926199,375.0,-361.375,13.625000000000004,83,44,54,56,51
eval,0.25,99,0,0.0,138.89117690608268,90.2777777777778,1,1,0,0,374.7,23.47926199261993,398.1792619926199,456.0,-354.625,101.375,55,54,119,11,49
eval,0.25,99,1,0.0,183.95763546844364,40.27777777777778,0,0,0,0,328.8,23.47926199261993,352.2792619926199,60.0,-320.45,-260.45,91,2,140,17,38
eval,0.25,99,2,0.0,217.02561178031544,10.416666666666668,0,0,0,0,286.5,23.47926199261993,309.9792619926199,-198.0,-252.95,-450.9500000000001,122,1,133,6,26
eval,0.25,99,3,0.0,81.01530672823188,39.93055555555556,134,11,0,0,255.8,23.47926199261993,279.2792619926199,-3276.0,-276.20000000000005,-3552.2,43,135,81,5,24
eval,0.25,99,4,0.0,91.33053730268504,62.5,48,9,0,0,316.8,23.47926199261993,340.2792619926199,-1080.0,-323.32499999999993,-1403.3250000000005,51,108,75,9,45
train,0.25,0,-1,1.0,88.35416361857038,44.79166666666667,113,13,0,0,271.7,23.47926199261993,295.1792619926199,-2751.0,-397.7,-3148.7,56,61,48,71,52
train,0.25,1,-1,0.9972857142857144,149.62050542340825,39.23611111111111,46,2,0,0,296.0,23.47926199261993,319.4792619926199,-1080.0,-419.0,-1499.0,50,58,60,56,64
train,0.25,2,-1,0.9945714285714286,242.74351450017423,13.88888888888889,0,0,16,3,300.4,23.47926199261993,323.8792619926199,-392.0,-383.19999999999993,-775.1999999999999,65,53,65,49,56
train,0.25,3,-1,0.9918571428571428,203.7274992092607,24.65277777777778,0,0,0,0,259.6,23.47926199261993,283.0792619926199,-75.0,-394.65,-469.65,59,62,53,56,58
train,0.25,4,-1,0.9891428571428572,144.54615728423562,61.458333333333336,32,2,0,0,261.29999999999995,23.47926199261993,284.77926199261987,-567.0,-370.5,-937.5,55,73,62,50,48
train,0.25,5,-1,0.9864285714285714,86.89035033844934,37.15277777777778,112,13,0,0,330.6,23.47926199261993,354.07926199261993,-2844.0,-437.45,-3281.45,45,52,68,53,70
train,0.25,6,-1,0.9837142857142858,174.67308093857142,56.94444444444444,0,0,0,0,255.8,23.47926199261993,279.2792619926199,204.0,-373.55,-169.54999999999998,62,69,49,58,50
train,0.25,7,-1,0.981,213.08689745093048,48.61111111111111,0,0,55,2,276.8,23.47926199261993,300.2792619926199,-638.0,-393.75,-1031.75,54,59,59,66,50
train,0.25,8,-1,0.9782857142857144,101.65934800714793,57.98611111111112,88,8,0,0,284.70000000000005,23.47926199261993,308.17926199262,-1974.0,-394.2,-2368.2,57,67,61,39,64
train,0.25,9,-1,0.9755714285714284,142.09137912371605,93.75,0,0,0,0,306.1,23.47926199261993,329.57926199261993,522.0,-408.0,114.0,55,54,62,57,60
train,0.25,10,-1,0.9728571428571428,96.778034054472,56.25,76,13,0,0,273.1,23.47926199261993,296.57926199261993,-1758.0,-376.625,-2134.625,52,69,63,59,45
train,0.25,11,-1,0.9701428571428572,188.9878995632719,40.97222222222222,0,0,0,0,250.2,23.47926199261993,273.6792619926199,66.0,-392.075,-326.075,52,57,72,56,51
train,0.25,12,-1,0.9674285714285714,94.03869587767116,64.23611111111111,74,10,0,0,264.4,23.47926199261993,287.8792619926199,-1596.0,-387.325,-1983.3250000000005,55,67,64,45,57
train,0.25,13,-1,0.9647142857142856,142.90755242838316,76.73611111111111,0,0,0,0,264.9,23.47926199261993,288.3792619926199,366.0,-397.575,-31.575000000000003,56,63,50,64,55
train,0.25,14,-1,0.962,99.52282760346267,62.84722222222222,69,4,0,0,311.6,23.47926199261993,335.07926199261993,-1482.0,-406.725,-1888.725,53,54,71,49,61
train,0.25,15,-1,0.9592857142857144,94.3423942760982,58.68055555555556,95,8,0,0,288.0,23.47926199261993,311.4792619926199,-2133.0,-390.775,-2523.775,60,53,66,54,55
train,0.25,16,-1,0.9565714285714286,122.02379176561509,43.40277777777778,80,3,0,0,279.0,23.47926199261993,302.4792619926199,-1884.0,-410.15,-2294.15,57,61,52,52,66
train,0.25,17,-1,0.9538571428571428,115.03539090735902,56.94444444444444,51,5,0,0,305.0,23.47926199261993,328.4792619926199,-1155.0,-403.2000000000001,-1558.2000000000005,65,62,42,51,68
train,0.25,18,-1,0.9511428571428572,198.2111816335137,39.23611111111111,0,0,19,1,248.0,23.47926199261993,271.4792619926199,-215.0,-338.15,-553.15,73,63,59,55,38
train,0.25,19,-1,0.9484285714285714,130.77035457204042,96.5277777777778,0,0,0,0,241.7,23.47926199261993,265.1792619926199,537.0,-372.19999999999993,164.8,60,73,46,61,48
train,0.25,20,-1,0.9457142857142856,107.53945027468384,35.06944444444444,114,10,0,0,216.2,23.47926199261993,239.67926199261996,-2823.0,-365.05,-3188.05,65,69,53,51,50
train,0.25,21,-1,0.943,88.74555952228886,51.388888888888886,77,11,0,0,217.4,23.47926199261993,240.87926199261997,-1881.0,-387.425,-2268.425,58,61,59,57,53
train,0.25,22,-1,0.9402857142857144,87.55907609196333,57.98611111111112,80,9,0,0,292.5,23.47926199261993,315.9792619926199,-1827.0,-403.375,-2230.375,56,64,54,51,63
train,0.25,23,-1,0.9375714285714286,116.67295845078851,77.08333333333334,5,5,0,0,258.6,23.47926199261993,282.07926199261993,120.0,-396.7,-276.70000000000005,53,66,63,46,60
train,0.25,24,-1,0.9348571428571428,85.83262759624199,46.18055555555556,136,2,0,0,275.8,23.47926199261993,299.2792619926199,-3210.0,-384.75,-3594.7499999999995,60,64,54,56,54
train,0.25,25,-1,0.9321428571428572,100.26427087023755,76.38888888888889,31,4,0,0,289.40000000000003,23.47926199261993,312.87926199261994,-483.0,-378.875,-861.8750000000001,62,65,57,49,55
train,0.25,26,-1,0.9294285714285714,146.1868874239286,48.95833333333333,16,6,0,0,279.1,23.47926199261993,302.57926199261993,-327.0,-377.325,-704.325,60,61,68,46,53
train,0.25,27,-1,0.9267142857142856,156.38319472713928,75.69444444444444,0,0,0,0,298.4,23.47926199261993,321.8792619926199,366.0,-393.625,-27.625,71,44,51,65,57
train,0.25,28,-1,0.924,114.69203186192055,92.70833333333334,9,1,0,0,296.4,23.47926199261993,319.8792619926199,267.0,-361.0,-94.0,69,57,65,49,48
train,0.25,29,-1,0.9212857142857144,271.8580471226357,4.861111111111112,0,0,113,9,248.0,23.47926199261993,271.4792619926199,-1828.0,-367.8,-2195.8,65,67,49,59,48
train,0.25,30,-1,0.9185714285714286,144.19781610598582,73.61111111111111,0,0,0,0,286.70000000000005,23.47926199261993,310.17926199262,312.0,-386.35,-74.35,66,59,51,54,58
train,0.25,31,-1,0.9158571428571428,90.67372406556936,42.70833333333333,99,9,0,0,261.70000000000005,23.47926199261993,285.17926199262,-2463.0,-376.75,-2839.7499999999995,64,62,51,61,50
train,0.25,32,-1,0.9131428571428571,59.69308191085938,15.27777777777778,218,8,0,0,311.70000000000005,23.47926199261993,335.17926199262,-5466.0,-384.94999999999993,-5850.949999999999,59,66,53,56,54
train,0.25,33,-1,0.9104285714285714,109.4643519528937,45.13888888888889,67,10,0,0,246.4,23.47926199261993,269.87926199261994,-1638.0,-364.1,-2002.1000000000004,70,61,58,47,52
train,0.25,34,-1,0.9077142857142856,177.21245889760326,58.68055555555556,0,0,0,0,257.0,23.47926199261993,280.4792619926199,219.0,-397.325,-178.325,57,59,65,46,61
train,0.25,35,-1,0.905,177.75192164565837,50.34722222222222,0,0,0,0,232.0,23.47926199261993,255.47926199261997,147.0,-352.65,-205.65,73,62,54,53,46
train,0.25,36,-1,0.9022857142857142,183.45031534915205,45.48611111111111,0,0,0,0,239.5,23.47926199261993,262.9792619926199,105.0,-369.725,-264.725,77,62,45,43,61
train,0.25,37,-1,0.8995714285714286,94.35583568157978,42.70833333333333,97,8,0,0,236.5,23.47926199261993,259.9792619926199,-2397.0,-396.5,-2793.5,59,66,47,56,60
train,0.25,38,-1,0.8968571428571429,163.5472032604465,67.01388888888889,0,0,0,0,245.3,23.47926199261993,268.7792619926199,291.0,-385.675,-94.67499999999998,67,52,63,47,59
train,0.25,39,-1,0.8941428571428571,85.9857486360709,52.43055555555556,70,12,0,0,310.9,23.47926199261993,334.3792619926199,-1716.0,-376.2,-2092.2000000000003,57,61,69,53,48
train,0.25,40,-1,0.8914285714285715,96.2830107883458,63.888888888888886,71,6,0,0,276.2,23.47926199261993,299.6792619926199,-1539.0,-363.57499999999993,-1902.5750000000005,71,60,56,50,51
train,0.25,41,-1,0.8887142857142857,90.03543735135827,54.86111111111112,105,8,0,0,271.79999999999995,23.47926199261993,295.27926199261987,-2409.0,-380.32499999999993,-2789.325,69,60,48,54,57
train,0.25,42,-1,0.886,103.32840519019722,68.40277777777779,56,11,0,0,275.0,23.47926199261993,298.4792619926199,-1146.0,-395.875,-1541.875,63,51,54,65,55
train,0.25,43,-1,0.8832857142857142,254.54731723950428,1.0416666666666663,0,0,53,3,277.1,23.47926199261993,300.57926199261993,-1021.0,-384.25,-1405.25,69,56,51,54,58
train,0.25,44,-1,0.8805714285714286,79.71343285401002,52.43055555555556,84,10,0,0,253.0,23.47926199261993,276.4792619926199,-2010.0,-357.32499999999993,-2367.3250000000003,70,63,52,58,45
train,0.25,45,-1,0.8778571428571429,152.08424010892037,73.26388888888889,1,1,0,0,283.5,23.47926199261993,306.9792619926199,297.0,-340.35,-43.35,80,67,44,51,46
train,0.25,46,-1,0.8751428571428571,105.34448811075856,67.01388888888889,78,6,0,0,296.4,23.47926199261993,319.8792619926199,-1632.0,-389.275,-2021.2749999999996,66,50,64,49,59
train,0.25,47,-1,0.8724285714285714,187.09808595986087,40.27777777777778,0,0,0,0,262.79999999999995,23.47926199261993,286.27926199261987,42.0,-358.4,-316.4,76,58,55,47,52
train,0.25,48,-1,0.8697142857142857,101.59806368786218,71.875,52,4,0,0,273.4,23.47926199261993,296.8792619926199,-981.0,-374.8,-1355.8,65,60,58,53,52
train,0.25,49,-1,0.867,149.92449126231915,93.4027777777778,0,0,0,0,280.5,23.47926199261993,303.9792619926199,519.0,-359.85,159.15,77,52,50,63,46
eval,0.25,49,0,0.0,147.9322961413272,50.34722222222222,27,4,0,0,214.9,23.47926199261993,238.37926199261997,-555.0,-149.325,-704.325,165,62,30,22,9
eval,0.25,49,1,0.0,100.3161987402093,49.30555555555556,108,6,0,0,215.5,23.47926199261993,238.97926199261997,-2505.0,-148.6,-2653.5999999999995,164,48,56,12,8
eval,0.25,49,2,0.0,176.05075239875757,54.86111111111112,0,0,0,0,222.0,23.47926199261993,245.47926199261997,186.0,-95.5,90.5,208,50,16,2,12
eval,0.25,49,3,0.0,160.96814948580908,52.43055555555556,22,1,0,0,194.8,23.47926199261993,218.27926199261995,-369.0,-106.875,-475.875,196,55,22,4,11
eval,0.25,49,4,0.0,200.5583395124527,21.180555555555557,0,0,0,0,199.9,23.47926199261993,223.37926199261997,-105.0,-94.075,-199.075,201,63,13,0,11
train,0.25,50,-1,0.8642857142857143,216.92336037249865,18.055555555555557,0,0,0,0,271.5,23.47926199261993,294.9792619926199,-132.0,-332.9,-464.9,82,61,56,45,44
train,0.25,51,-1,0.8615714285714285,107.88830252432084,62.15277777777778,73,7,0,0,266.79999999999995,23.47926199261993,290.27926199261987,-1572.0,-374.35,-1946.35,67,54,60,57,50
train,0.25,52,-1,0.8588571428571429,168.2961969970055,43.40277777777778,1,1,0,0,243.6,23.47926199261993,267.0792619926199,27.0,-353.225,-326.225,78,59,57,41,53
train,0.25,53,-1,0.8561428571428571,99.05311262807056,64.93055555555556,44,12,0,0,268.6,23.47926199261993,292.07926199261993,-954.0,-377.775,-1331.775,62,56,67,52,51
train,0.25,54,-1,0.8534285714285714,159.52840199935076,68.40277777777779,0,0,0,0,313.8,23.47926199261993,337.2792619926199,279.0,-405.525,-126.525,62,46,62,57,61
train,0.25,55,-1,0.8507142857142858,103.0566684159387,56.94444444444444,113,2,0,0,248.1,23.47926199261993,271.57926199261993,-2535.0,-376.05,-2911.05,70,56,53,55,54
train,0.25,56,-1,0.848,158.06774357164073,59.375,15,2,0,0,259.6,23.47926199261993,283.07926199261993,-144.0,-361.15,-505.15,79,60,50,41,58
train,0.25,57,-1,0.8452857142857143,72.58165958061248,35.41666666666667,149,6,0,0,260.0,23.47926199261993,283.4792619926199,-3669.0,-342.7,-4011.7,81,55,62,42,48
train,0.25,58,-1,0.8425714285714285,132.56109827892732,92.01388888888889,5,1,0,0,268.29999999999995,23.47926199261993,291.77926199261987,351.0,-374.775,-23.774999999999977,84,47,48,46,63
train,0.25,59,-1,0.8398571428571429,194.19805372230175,36.80555555555556,0,0,0,0,259.69999999999993,23.47926199261993,283.17926199261984,30.0,-375.125,-345.125,71,60,50,50,57
train,0.25,60,-1,0.8371428571428572,266.5340741839111,5.208333333333334,0,0,97,2,281.9,23.47926199261993,305.3792619926199,-1601.0,-359.025,-1960.025,70,61,60,48,49
train,0.25,61,-1,0.8344285714285714,155.8570465335026,77.08333333333334,0,0,0,0,257.6,23.47926199261993,281.07926199261993,378.0,-343.125,34.875,85,54,54,46,49
train,0.25,62,-1,0.8317142857142857,125.13733154579752,53.47222222222222,37,12,0,0,277.0,23.47926199261993,300.4792619926199,-849.0,-356.3,-1205.3,71,56,68,45,48
train,0.25,63,-1,0.829,189.0895445737253,40.27777777777778,0,0,0,0,292.8,23.47926199261993,316.2792619926199,60.0,-374.8,-314.79999999999995,80,38,69,41,60
train,0.25,64,-1,0.8262857142857143,204.52577291691367,35.41666666666667,0,0,1,1,263.3,23.47926199261993,286.7792619926199,4.0,-400.4,-396.4,70,57,41,52,68
train,0.25,65,-1,0.8235714285714286,171.43989848576956,47.56944444444444,0,0,0,0,271.3,23.47926199261993,294.7792619926199,93.0,-375.575,-282.575,73,48,61,51,55
train,0.25,66,-1,0.8208571428571428,70.4597012031416,28.819444444444443,168,10,0,0,286.8,23.47926199261993,310.2792619926199,-4182.0,-393.9,-4575.9,64,55,56,53,60
train,0.25,67,-1,0.8181428571428572,192.99204821981732,46.875,0,0,4,2,263.20000000000005,23.47926199261993,286.67926199262,61.0,-360.725,-299.725,65,57,64,61,41
train,0.25,68,-1,0.8154285714285714,279.5506352517652,3.4722222222222223,0,0,119,8,301.29999999999995,23.47926199261993,324.77926199261987,-1924.0,-375.55,-2299.55,74,53,55,48,58
train,0.25,69,-1,0.8127142857142857,210.5080621643584,32.63888888888889,0,0,25,4,226.7,23.47926199261993,250.17926199261996,-356.0,-390.975,-746.9750000000001,66,55,53,55,59
train,0.25,70,-1,0.81,139.83884908506764,87.15277777777779,0,0,0,0,259.5,23.47926199261993,282.9792619926199,429.0,-379.44999999999993,49.55,74,48,51,61,54
train,0.25,71,-1,0.8072857142857143,109.40774343645472,62.5,68,3,0,0,253.4,23.47926199261993,276.8792619926199,-1455.0,-356.17499999999995,-1811.175,67,62,60,56,43
train,0.25,72,-1,0.8045714285714286,237.1461546790817,12.152777777777777,0,0,22,7,272.2,23.47926199261993,295.6792619926199,-491.0,-338.42499999999995,-829.4250000000001,85,55,52,51,45
train,0.25,73,-1,0.8018571428571428,113.69022625330268,70.83333333333334,51,5,0,0,259.7,23.47926199261993,283.1792619926199,-993.0,-356.775,-1349.775,71,54,69,47,47
train,0.25,74,-1,0.7991428571428572,95.6663255174231,60.06944444444444,75,11,0,0,251.1,23.47926199261993,274.57926199261993,-1689.0,-378.025,-2067.025,59,48,78,58,45
train,0.25,75,-1,0.7964285714285715,150.9819138757645,85.76388888888889,0,0,0,0,261.8,23.47926199261993,285.2792619926199,453.0,-356.19999999999993,96.8,80,50,61,45,52
train,0.25,76,-1,0.7937142857142857,119.85506612743598,69.44444444444444,17,8,0,0,266.20000000000005,23.47926199261993,289.67926199262,-249.0,-366.575,-615.575,67,58,66,46,51
train,0.25,77,-1,0.791,175.5874227804899,55.90277777777778,0,0,0,0,286.70000000000005,23.47926199261993,310.17926199262,195.0,-379.15,-184.15,79,45,50,56,58
train,0.25,78,-1,0.7882857142857143,68.7595893271188,26.73611111111111,191,7,0,0,227.4,23.47926199261993,250.87926199261992,-4701.0,-394.85,-5095.849999999999,61,61,49,59,58
train,0.25,79,-1,0.7855714285714286,232.9513861340445,20.13888888888889,0,0,21,4,244.5,23.47926199261993,267.9792619926199,-408.0,-349.5,-757.5,85,50,50,55,48
train,0.25,80,-1,0.7828571428571429,154.8654188843829,88.19444444444444,0,0,0,0,236.5,23.47926199261993,259.9792619926199,474.0,-360.04999999999995,113.95,76,61,51,46,54
train,0.25,81,-1,0.7801428571428571,119.2488384176548,79.16666666666666,42,2,0,0,322.79999999999995,23.47926199261993,346.27926199261987,-642.0,-395.125,-1037.1250000000002,54,51,76,54,53
train,0.25,82,-1,0.7774285714285715,138.27587956072833,84.375,7,1,0,0,268.3,23.47926199261993,291.7792619926199,231.0,-382.775,-151.77499999999998,74,48,62,41,63
train,0.25,83,-1,0.7747142857142857,243.2053622703784,24.65277777777778,0,0,53,2,301.4,23.47926199261993,324.8792619926199,-817.0,-361.925,-1178.9250000000002,77,51,61,46,53
train,0.25,84,-1,0.772,106.14952994672282,59.02777777777778,98,4,0,0,238.40000000000003,23.47926199261993,261.87926199261994,-2169.0,-374.725,-2543.725,57,79,49,50,53
train,0.25,85,-1,0.7692857142857144,142.5325280504775,66.31944444444444,15,4,0,0,269.1,23.47926199261993,292.57926199261993,-138.0,-351.79999999999995,-489.8,68,68,62,42,48
train,0.25,86,-1,0.7665714285714286,193.26867924701577,37.15277777777778,0,0,0,0,286.0,23.47926199261993,309.4792619926199,33.0,-379.4,-346.4,71,49,61,51,56
train,0.25,87,-1,0.7638571428571428,120.5681253872968,94.44444444444444,0,0,0,0,241.7,23.47926199261993,265.17926199262,495.0,-387.05,107.95,54,64,67,49,54
train,0.25,88,-1,0.7611428571428571,157.74684818879,51.73611111111112,11,1,0,0,280.5,23.47926199261993,303.9792619926199,-123.0,-384.875,-507.875,67,55,59,48,59
train,0.25,89,-1,0.7584285714285715,88.64592682122877,43.05555555555556,111,7,0,0,270.9,23.47926199261993,294.3792619926199,-2703.0,-374.3,-3077.3,63,63,59,51,52
train,0.25,90,-1,0.7557142857142858,146.6916577542879,68.40277777777779,8,6,0,0,254.0,23.47926199261993,277.4792619926199,69.0,-356.375,-287.37499999999994,69,61,70,37,51
train,0.25,91,-1,0.753,150.15038632633463,47.91666666666667,38,1,0,0,317.6,23.47926199261993,341.07926199261993,-819.0,-390.07499999999993,-1209.075,59,68,51,51,59
train,0.25,92,-1,0.7502857142857143,88.38263865209349,47.56944444444444,143,4,0,0,219.8,23.47926199261993,243.27926199261995,-3333.0,-368.65,-3701.65,63,75,43,57,50
train,0.25,93,-1,0.7475714285714286,155.38672959237545,48.61111111111111,26,1,0,0,271.90000000000003,23.47926199261993,295.37926199261994,-501.0,-371.9,-872.8999999999999,69,59,53,55,52
train,0.25,94,-1,0.7448571428571429,224.96807191737787,22.22222222222222,0,0,57,3,244.1,23.47926199261993,267.57926199261993,-894.0,-347.425,-1241.425,72,71,47,53,45
train,0.25,95,-1,0.7421428571428572,176.25342265971778,51.04166666666666,0,0,0,0,278.2,23.47926199261993,301.6792619926199,153.0,-347.9,-194.90000000000003,81,46,63,54,44
train,0.25,96,-1,0.7394285714285714,131.98595137126762,72.22222222222221,35,3,0,0,242.6,23.47926199261993,266.07926199261993,-576.0,-356.75,-932.75,68,70,55,45,50
train,0.25,97,-1,0.7367142857142857,214.46901426565287,44.79166666666667,0,0,61,5,292.20000000000005,23.47926199261993,315.67926199262,-755.0,-342.79999999999995,-1097.8000000000002,83,50,58,53,44
train,0.25,98,-1,0.734,158.78080416248406,65.625,0,0,0,0,283.8,23.47926199261993,307.2792619926199,273.0,-391.275,-118.275,68,51,61,45,63
train,0.25,99,-1,0.7312857142857143,67.76890120925265,27.43055555555556,174,7,0,0,245.0,23.47926199261993,268.4792619926199,-4332.0,-417.425,-4749.425,58,57,51,53,69
eval,0.25,99,0,0.0,62.77445851889464,15.625,198,8,0,0,163.3,23.47926199261993,186.77926199261995,-5040.0,-368.44999999999993,-5408.45,49,116,39,18,66
eval,0.25,99,1,0.0,119.19601893062809,77.08333333333334,36,6,0,0,328.7,23.47926199261993,352.1792619926199,-528.0,-316.475,-844.4749999999999,72,65,98,10,43
eval,0.25,99,2,0.0,168.31573003006025,43.75,13,3,0,0,309.1,23.47926199261993,332.57926199261993,-291.0,-240.975,-531.975,125,37,89,6,31
eval,0.25,99,3,0.0,66.7417134592981,24.305555555555557,197,5,0,0,167.3,23.47926199261993,190.77926199261995,-4869.0,-294.04999999999995,-5163.049999999999,70,129,31,12,46
eval,0.25,99,4,0.0,142.1500872934541,78.81944444444444,0,0,0,0,407.5,23.47926199261993,430.9792619926199,369.0,-320.69999999999993,48.3,69,48,124,7,40
train,0.25,0,-1,1.0,149.65896041025422,42.70833333333333,42,2,0,0,268.0,23.47926199261993,291.4792619926199,-957.0,-408.9,-1365.9,55,55,59,59,60
train,0.25,1,-1,0.9972857142857144,248.5093131112852,12.152777777777777,0,0,33,8,310.3,23.47926199261993,333.7792619926199,-645.0,-451.625,-1096.625,47,57,46,61,77
train,0.25,2,-1,0.9945714285714286,189.2938186537052,42.36111111111111,0,0,0,0,293.29999999999995,23.47926199261993,316.77926199261987,78.0,-389.975,-311.975,58,65,59,47,59
train,0.25,3,-1,0.9918571428571428,133.33687846902842,62.15277777777778,36,4,0,0,237.0,23.47926199261993,260.4792619926199,-675.0,-369.5,-1044.4999999999998,61,62,66,51,48
train,0.25,4,-1,0.9891428571428572,87.23639076104162,36.11111111111111,117,13,0,0,312.0,23.47926199261993,335.4792619926199,-2955.0,-419.025,-3374.025,51,58,59,55,65
train,0.25,5,-1,0.9864285714285714,179.0255114941272,56.59722222222222,0,0,0,0,283.79999999999995,23.47926199261993,307.27926199261987,201.0,-425.275,-224.275,53,54,55,59,67
train,0.25,6,-1,0.9837142857142858,225.08103817509337,44.44444444444444,0,0,75,5,273.79999999999995,23.47926199261993,297.27926199261987,-954.0,-390.9,-1344.9,56,62,63,51,56
train,0.25,7,-1,0.981,96.01776728435188,59.375,88,8,0,0,289.9,23.47926199261993,313.3792619926199,-1962.0,-399.425,-2361.425,55,54,69,53,57
train,0.25,8,-1,0.9782857142857144,130.4453721792715,95.13888888888889,0,0,0,0,280.0,23.47926199261993,303.4792619926199,513.0,-410.1,102.9,56,60,60,44,68
train,0.25,9,-1,0.9755714285714284,94.22276991097095,53.125,84,12,0,0,274.0,23.47926199261993,297.4792619926199,-1992.0,-389.5,-2381.5,68,50,53,61,56
train,0.25,10,-1,0.9728571428571428,198.95717039660505,38.19444444444444,0,0,0,0,246.7,23.47926199261993,270.1792619926199,42.0,-363.0,-321.0,71,58,62,45,52
train,0.25,11,-1,0.9701428571428572,98.11955488216046,69.09722222222221,51,9,0,0,240.1,23.47926199261993,263.57926199261993,-1029.0,-422.5,-1451.5,48,53,62,65,60
train,0.25,12,-1,0.9674285714285714,146.1269217977524,72.91666666666666,0,0,0,0,297.8,23.47926199261993,321.2792619926199,303.0,-403.0,-99.99999999999996,60,52,59,57,60
train,0.25,13,-1,0.9647142857142856,103.82634283074712,67.36111111111111,61,4,0,0,286.20000000000005,23.47926199261993,309.67926199262,-1236.0,-373.925,-1609.9249999999995,67,58,52,62,49
train,0.25,14,-1,0.962,97.31064191584824,59.375,86,11,0,0,254.8,23.47926199261993,278.2792619926199,-1932.0,-407.275,-2339.275,52,49,71,61,55
train,0.25,15,-1,0.9592857142857144,117.97251426417822,38.19444444444444,102,5,1,1,279.1,23.47926199261993,302.57926199261993,-2453.0,-359.325,-2812.3250000000003,77,52,56,54,49
train,0.25,16,-1,0.9565714285714286,123.71256339234414,67.01388888888889,45,3,0,0,252.2,23.47926199261993,275.67926199262,-849.0,-390.82499999999993,-1239.8249999999998,58,57,61,59,53
train,0.25,17,-1,0.9538571428571428,180.9762858001802,42.01388888888889,0,0,11,2,288.0,23.47926199261993,311.4792619926199,-82.0,-397.45,-479.45,63,58,59,42,66
train,0.25,18,-1,0.9511428571428572,119.5795559609292,96.5277777777778,3,1,0,0,299.70000000000005,23.47926199261993,323.17926199262,456.0,-372.85,83.15000000000002,68,56,63,47,54
train,0.25,19,-1,0.9484285714285714,106.69027403965148,35.76388888888889,114,7,0,0,294.8,23.47926199261993,318.2792619926199,-2820.0,-381.9,-3201.9,58,50,70,66,44
train,0.25,20,-1,0.9457142857142856,87.29656221077659,50.34722222222222,87,9,0,0,291.6,23.47926199261993,315.07926199261993,-2109.0,-400.25,-2509.25,61,53,55,61,58
train,0.25,21,-1,0.943,83.89044461258898,48.61111111111111,93,12,0,0,277.40000000000003,23.47926199261993,300.87926199261994,-2265.0,-398.375,-2663.375,68,41,61,59,59
train,0.25,22,-1,0.9402857142857144,132.51427789523302,85.06944444444444,1,1,0,0,279.2,23.47926199261993,302.6792619926199,369.0,-351.74999999999994,17.249999999999986,80,54,57,47,50
train,0.25,23,-1,0.9375714285714286,82.78535250823663,46.875,133,2,0,0,259.7,23.47926199261993,283.1792619926199,-3135.0,-351.17499999999995,-3486.175,77,62,54,44,51
train,0.25,24,-1,0.9348571428571428,110.7070877090093,82.98611111111111,20,4,0,0,273.3,23.47926199261993,296.7792619926199,-138.0,-404.9500000000001,-542.95,60,53,58,55,62
train,0.25,25,-1,0.9321428571428572,146.26067214615082,41.31944444444444,25,6,0,0,259.6,23.47926199261993,283.07926199261993,-627.0,-380.6,-1007.6,59,67,54,56,52
train,0.25,26,-1,0.9294285714285714,177.15854194936173,51.04166666666666,0,0,0,0,266.6,23.47926199261993,290.07926199261993,153.0,-371.4,-218.40000000000003,67,55,59,59,48
train,0.25,27,-1,0.9267142857142856,134.22790320622664,97.2222222222222,1,1,0,0,287.4,23.47926199261993,310.8792619926199,516.0,-388.3,127.7,59,60,62,51,56
train,0.25,28,-1,0.924,267.3037068448578,4.861111111111112,0,0,87,13,315.9,23.47926199261993,339.3792619926199,-1464.0,-379.025,-1843.025,75,51,49,56,57
train,0.25,29,-1,0.9212857142857144,144.94208693931907,76.73611111111111,0,0,0,0,274.20000000000005,23.47926199261993,297.67926199262,372.0,-402.15,-30.15,65,48,57,56,62
train,0.25,30,-1,0.9185714285714286,87.20954966426416,39.23611111111111,126,10,0,0,268.20000000000005,23.47926199261993,291.67926199262,-3084.0,-399.9,-3483.9,61,60,54,49,64
train,0.25,31,-1,0.9158571428571428,59.29384225174535,14.23611111111111,219,10,0,0,246.1,23.47926199261993,269.57926199261993,-5505.0,-397.82499999999993,-5902.825,58,57,65,47,61
train,0.25,32,-1,0.9131428571428571,108.38454748994388,41.66666666666667,85,10,0,0,290.70000000000005,23.47926199261993,314.17926199262,-2073.0,-403.4,-2476.4,59,55,56,58,60
train,0.25,33,-1,0.9104285714285714,187.1742097109164,43.75,0,0,0,0,235.3,23.47926199261993,258.7792619926199,90.0,-387.3,-297.3,59,62,60,51,56
train,0.25,34,-1,0.9077142857142856,165.1416238478603,70.83333333333334,0,0,0,0,289.8,23.47926199261993,313.2792619926199,324.0,-332.75,-8.75,82,62,51,51,42
train,0.25,35,-1,0.905,186.65378757137415,36.11111111111111,0,0,0,0,275.4,23.47926199261993,298.8792619926199,24.0,-370.375,-346.375,70,53,61,53,51
train,0.25,36,-1,0.9022857142857142,94.94655077109726,38.19444444444444,101,15,0,0,274.20000000000005,23.47926199261993,297.67926199262,-2556.0,-363.85,-2919.85,71,50,64,57,46
train,0.25,37,-1,0.8995714285714286,156.2487657604464,71.52777777777779,0,0,0,0,304.79999999999995,23.47926199261993,328.27926199261987,315.0,-417.6,-102.6,60,48,52,64,64
train,0.25,38,-1,0.8968571428571429,82.86291700419059,47.56944444444444,90,17,0,0,261.0,23.47926199261993,284.4792619926199,-2220.0,-408.32499999999993,-2628.325,64,51,51,57,65
train,0.25,39,-1,0.8941428571428571,95.75779457423134,64.93055555555556,69,4,0,0,273.1,23.47926199261993,296.57926199261993,-1479.0,-398.125,-1877.125,53,60,66,52,57
train,0.25,40,-1,0.8914285714285715,91.79839974913294,58.333333333333336,105,3,0,0,258.4,23.47926199261993,281.8792619926199,-2349.0,-405.15,-2754.15,58,56,51,65,58
train,0.25,41,-1,0.8887142857142857,107.59738979980678,69.44444444444444,50,8,0,0,276.9,23.47926199261993,300.3792619926199,-1002.0,-388.6,-1390.6,64,53,67,44,60
train,0.25,42,-1,0.886,249.3549561283932,0.0,0,0,49,1,252.1,23.47926199261993,275.57926199261993,-974.0,-374.3,-1348.3000000000002,65,61,57,53,52
train,0.25,43,-1,0.8832857142857142,79.75675540613635,49.65277777777778,90,9,0,0,289.5,23.47926199261993,312.9792619926199,-2184.0,-375.1,-2559.1,62,54,69,55,48
train,0.25,44,-1,0.8805714285714286,156.19674010892044,71.52777777777779,1,1,0,0,293.6,23.47926199261993,317.07926199261993,288.0,-355.42499999999995,-67.425,74,67,51,43,53
train,0.25,45,-1,0.8778571428571429,105.9815863725517,65.97222222222221,86,6,0,0,258.8,23.47926199261993,282.2792619926199,-1818.0,-353.70000000000005,-2171.7,71,64,58,47,48
train,0.25,46,-1,0.8751428571428571,192.15364151541644,37.5,0,0,1,1,284.5,23.47926199261993,307.9792619926199,1.0,-396.9,-395.9,56,57,63,56,56
train,0.25,47,-1,0.8724285714285714,101.23022476073916,71.52777777777779,53,5,0,0,251.2,23.47926199261993,274.67926199262,-1011.0,-415.6,-1426.6,48,57,58,69,56
train,0.25,48,-1,0.8697142857142857,152.92726904009703,89.93055555555556,0,0,0,0,280.8,23.47926199261993,304.2792619926199,489.0,-413.75,75.25,54,47,72,53,62
train,0.25,49,-1,0.867,199.3544367613877,28.47222222222222,0,0,0,0,266.70000000000005,23.47926199261993,290.17926199262,-42.0,-389.2,-431.19999999999993,69,58,51,46,64
eval,0.25,49,0,0.0,71.95215623087942,28.125,123,22,0,0,158.29999999999998,23.47926199261993,181.77926199261992,-3249.0,-249.6,-3498.6,62,144,45,17,20
eval,0.25,49,1,0.0,236.32146568921996,2.083333333333333,0,0,9,1,325.0,23.47926199261993,348.4792619926199,-396.0,-137.35,-533.35,184,75,3,0,26
eval,0.25,49,2,0.0,74.51363808588432,35.41666666666667,148,9,0,0,202.1,23.47926199261993,225.57926199262,-3648.0,-217.79999999999995,-3865.7999999999993,82,147,31,8,20
eval,0.25,49,3,0.0,124.62117498306348,41.31944444444444,86,8,0,0,294.8,23.47926199261993,318.2792619926199,-2055.0,-187.7,-2242.7,122,121,17,4,24
eval,0.25,49,4,0.0,217.82415614154507,10.069444444444445,0,0,3,1,337.5,23.47926199261993,360.9792619926199,-243.0,-128.57500000000002,-371.575,200,58,3,0,27
train,0.25,50,-1,0.8642857142857143,93.472945998124,49.65277777777778,108,12,0,0,283.6,23.47926199261993,307.0792619926199,-2529.0,-349.07500000000005,-2878.0750000000003,70,69,57,45,47
train,0.25,51,-1,0.8615714285714285,165.95314144144993,44.44444444444444,1,1,0,0,262.4,23.47926199261993,285.8792619926199,33.0,-394.1,-361.1,58,62,53,59,56
train,0.25,52,-1,0.8588571428571429,103.11010983372913,72.91666666666666,20,8,0,0,251.7,23.47926199261993,275.1792619926199,-312.0,-355.42499999999995,-667.425,72,48,68,59,41
train,0.25,53,-1,0.8561428571428571,161.85097144379512,64.23611111111111,0,0,0,0,268.0,23.47926199261993,291.4792619926199,252.0,-382.575,-130.575,68,60,51,50,59
train,0.25,54,-1,0.8534285714285714,102.83207540675603,57.98611111111112,106,4,0,0,268.1,23.47926199261993,291.5792619926199,-2376.0,-388.4,-2764.4,55,68,59,50,56
train,0.25,55,-1,0.8507142857142858,148.4197510954187,58.333333333333336,21,2,0,0,274.0,23.47926199261993,297.4792619926199,-309.0,-354.5,-663.5,63,76,51,54,44
train,0.25,56,-1,0.848,71.06378037102715,34.375,149,8,0,0,261.8,23.47926199261993,285.2792619926199,-3687.0,-426.625,-4113.625,47,44,76,60,61
train,0.25,57,-1,0.8452857142857143,128.69878012097377,88.19444444444444,7,1,0,0,290.29999999999995,23.47926199261993,313.77926199261987,240.0,-359.35,-119.35,68,69,53,48,50
train,0.25,58,-1,0.8425714285714285,199.61888705563524,23.26388888888889,0,0,0,0,242.8,23.47926199261993,266.2792619926199,-87.0,-356.775,-443.775,75,57,60,45,51
train,0.25,59,-1,0.8398571428571429,280.6116635044975,3.4722222222222223,0,0,125,1,267.1,23.47926199261993,290.57926199261993,-2008.0,-346.25,-2354.25,69,76,50,47,46
train,0.25,60,-1,0.8371428571428572,152.36468542239143,81.25,0,0,0,0,287.6,23.47926199261993,311.07926199261993,411.0,-388.575,22.425000000000004,62,47,74,50,55
train,0.25,61,-1,0.8344285714285714,149.7611162680197,54.513888888888886,3,1,0,0,246.3,23.47926199261993,269.7792619926199,81.0,-375.025,-294.025,72,55,56,48,57
train,0.25,62,-1,0.8317142857142857,181.7544751292808,48.95833333333333,0,0,0,0,284.9,23.47926199261993,308.3792619926199,135.0,-373.175,-238.175,73,64,51,37,63
train,0.25,63,-1,0.829,183.9321965280248,51.73611111111112,0,0,0,0,301.0,23.47926199261993,324.4792619926199,159.0,-383.725,-224.725,76,42,69,36,65
train,0.25,64,-1,0.8262857142857143,174.5310443191029,52.083333333333336,0,0,0,0,263.20000000000005,23.47926199261993,286.67926199262,162.0,-371.825,-209.825,62,63,60,54,49
train,0.25,65,-1,0.8235714285714286,68.54631773413126,28.125,167,9,0,0,268.1,23.47926199261993,291.57926199261993,-4173.0,-370.625,-4543.625,57,69,65,48,49
train,0.25,66,-1,0.8208571428571428,172.6925690531506,60.763888888888886,0,0,0,0,262.29999999999995,23.47926199261993,285.77926199261987,237.0,-351.0,-113.99999999999996,70,55,59,68,36
train,0.25,67,-1,0.8181428571428572,265.5443852517651,2.7777777777777777,0,0,71,4,307.7,23.47926199261993,331.1792619926199,-1258.0,-360.5,-1618.5,76,51,64,45,52
train,0.25,68,-1,0.8154285714285714,194.9226454976917,30.90277777777778,0,0,0,0,264.2,23.47926199261993,287.6792619926199,-21.0,-351.85,-372.85,82,56,48,52,50
train,0.25,69,-1,0.8127142857142857,146.86280741840105,73.26388888888889,5,3,0,0,274.29999999999995,23.47926199261993,297.77926199261987,159.0,-387.69999999999993,-228.70000000000005,61,55,66,50,56
train,0.25,70,-1,0.81,109.92164199813584,61.11111111111112,82,6,0,0,280.0,23.47926199261993,303.4792619926199,-1767.0,-379.15,-2146.15,65,59,57,53,54
train,0.25,71,-1,0.8072857142857143,220.28851579019263,16.319444444444446,0,0,0,0,315.8,23.47926199261993,339.2792619926199,-147.0,-363.925,-510.925,76,55,54,50,53
train,0.25,72,-1,0.8045714285714286,113.97004951565188,67.36111111111111,57,8,0,0,289.6,23.47926199261993,313.07926199261993,-1173.0,-403.9,-1576.9,58,62,46,62,60
train,0.25,73,-1,0.8018571428571428,94.42911870280663,56.94444444444444,81,11,0,0,252.0,23.47926199261993,275.4792619926199,-1869.0,-354.6,-2223.5999999999995,62,67,62,57,40
train,0.25,74,-1,0.7991428571428572,153.67271248687564,77.08333333333334,0,0,0,0,267.7,23.47926199261993,291.1792619926199,378.0,-391.325,-13.325000000000005,62,59,53,57,57
train,0.25,75,-1,0.7964285714285715,118.91600362743598,79.86111111111111,20,3,0,0,271.0,23.47926199261993,294.4792619926199,-165.0,-367.175,-532.175,70,58,64,41,55
train,0.25,76,-1,0.7937142857142857,166.40304778049,68.75,0,0,0,0,305.4,23.47926199261993,328.8792619926199,306.0,-358.05,-52.050000000000026,81,53,54,46,54
train,0.25,77,-1,0.791,66.54254892138162,25.34722222222222,193,9,0,0,288.70000000000005,23.47926199261993,312.17926199262,-4767.0,-401.8,-5168.799999999999,62,51,50,69,56
train,0.25,78,-1,0.7882857142857143,198.867358356267,27.77777777777778,0,0,2,1,331.3,23.47926199261993,354.7792619926199,-76.0,-384.075,-460.075,66,59,56,48,59
train,0.25,79,-1,0.7855714285714286,141.74627474023873,98.95833333333334,0,0,0,0,314.6,23.47926199261993,338.07926199261993,567.0,-404.525,162.475,71,46,53,49,69
train,0.25,80,-1,0.7828571428571429,125.68944315654926,77.08333333333334,40,3,0,0,301.29999999999995,23.47926199261993,324.77926199261987,-606.0,-380.625,-986.625,63,57,62,53,53
train,0.25,81,-1,0.7801428571428571,131.91574368869456,80.55555555555556,16,6,0,0,306.9,23.47926199261993,330.3792619926199,-39.0,-375.725,-414.72500000000014,62,65,58,50,53
train,0.25,82,-1,0.7774285714285715,237.79702893704496,24.305555555555557,0,0,50,1,283.8,23.47926199261993,307.2792619926199,-778.0,-367.2,-1145.1999999999998,72,64,50,46,56
train,0.25,83,-1,0.7747142857142857,101.65483672014716,55.55555555555556,108,3,0,0,252.6,23.47926199261993,276.07926199261993,-2454.0,-383.65,-2837.65,64,51,53,74,46
train,0.25,84,-1,0.772,147.63456446188906,63.54166666666666,23,3,0,0,249.9,23.47926199261993,273.3792619926199,-333.0,-358.32500000000005,-691.325,72,52,57,66,41
train,0.25,85,-1,0.7692857142857144,204.9198945247936,26.73611111111111,0,0,0,0,234.6,23.47926199261993,258.07926199261993,-57.0,-309.2,-366.2,100,54,46,48,40
train,0.25,86,-1,0.7665714285714286,120.28097260951888,94.44444444444444,0,0,0,0,305.4,23.47926199261993,328.8792619926199,495.0,-409.9,85.10000000000001,49,66,62,47,64
train,0.25,87,-1,0.7638571428571428,160.2852316674722,59.375,0,0,0,0,248.0,23.47926199261993,271.4792619926199,210.0,-363.475,-153.47500000000002,73,61,49,54,51
train,0.25,88,-1,0.7611428571428571,84.54386725683912,37.5,125,8,0,0,262.8,23.47926199261993,286.2792619926199,-3099.0,-351.79999999999995,-3450.8,71,65,52,56,44
train,0.25,89,-1,0.7584285714285715,155.63540775428788,63.19444444444444,0,0,0,0,322.4,23.47926199261993,345.8792619926199,219.0,-364.35,-145.35000000000002,75,52,63,44,54
train,0.25,90,-1,0.7557142857142858,138.94783262028218,56.59722222222222,50,1,0,0,280.1,23.47926199261993,303.57926199261993,-1002.0,-352.9,-1354.9,82,49,62,43,52
train,0.25,91,-1,0.753,80.80775167218668,45.83333333333333,146,4,0,0,308.4,23.47926199261993,331.8792619926199,-3426.0,-396.05,-3822.05,55,59,53,71,50
train,0.25,92,-1,0.7502857142857143,134.84156126121434,70.83333333333334,32,2,0,0,293.8,23.47926199261993,317.2792619926199,-465.0,-368.875,-833.8749999999999,68,65,55,45,55
train,0.25,93,-1,0.7475714285714286,201.5185473928532,31.944444444444443,0,0,1,1,270.4,23.47926199261993,293.8792619926199,-26.0,-340.275,-366.275,75,62,61,47,43
train,0.25,94,-1,0.7448571428571429,175.58896914370175,47.91666666666667,0,0,0,0,261.1,23.47926199261993,284.57926199261993,126.0,-325.925,-199.925,93,51,55,44,45
train,0.25,95,-1,0.7421428571428572,133.1405418992956,69.44444444444444,33,4,0,0,264.29999999999995,23.47926199261993,287.77926199261987,-552.0,-372.325,-924.325,78,46,52,59,53
train,0.25,96,-1,0.7394285714285714,235.4147287301174,30.90277777777778,0,0,95,1,246.3,23.47926199261993,269.7792619926199,-1351.0,-353.82499999999993,-1704.8249999999998,65,68,62,48,45
train,0.25,97,-1,0.7367142857142857,160.55007499581734,65.97222222222221,0,0,0,0,277.40000000000003,23.47926199261993,300.87926199261994,282.0,-351.275,-69.27500000000003,72,64,57,48,47
train,0.25,98,-1,0.734,71.55441394225772,29.86111111111111,157,12,0,0,259.0,23.47926199261993,282.4792619926199,-3933.0,-360.45,-4293.45,65,53,59,77,34
train,0.25,99,-1,0.7312857142857143,204.8593685249797,29.51388888888889,0,0,0,0,260.4,23.47926199261993,283.8792619926199,-33.0,-339.2,-372.19999999999993,85,51,56,52,44
eval,0.25,99,0,0.0,99.08351644150576,76.38888888888889,40,6,0,0,420.8,23.47926199261993,444.2792619926199,-672.0,-420.15,-1092.15,38,11,126,75,38
eval,0.25,99,1,0.0,84.92699485117978,51.388888888888886,137,1,0,0,386.0,23.47926199261993,409.4792619926199,-3141.0,-381.225,-3522.225,51,9,120,87,21
eval,0.25,99,2,0.0,91.24068213022652,45.48611111111111,115,8,0,0,331.5,23.47926199261993,354.9792619926199,-2775.0,-380.8,-3155.8,55,2,120,91,20
eval,0.25,99,3,0.0,84.18340497288044,39.23611111111111,120,10,0,0,353.0,23.47926199261993,376.4792619926199,-2994.0,-399.175,-3393.175,53,4,101,107,23
eval,0.25,99,4,0.0,192.79672320451195,27.77777777777778,0,0,0,0,362.5,23.47926199261993,385.9792619926199,-48.0,-297.825,-345.825,90,1,161,7,29
