phase,coeff,train_episode,eval_episode,epsilon,mean_glucose,time_in_range_percent,hypo_steps,hypo_events,severe_hyper_steps,severe_hyper_events,total_bolus_units,total_basal_units,total_insulin_units,sum_zone_reward,sum_insulin_penalty,total_reward,action_0_count,action_1_count,action_2_count,action_3_count,action_4_count,source
train,0.1,0,-1,1.0,69.80616156741655,28.125,186,6,0,0,1503.9,23.47926199261993,1527.37926199262,-3744.0,-150.39,-3894.39,68,55,62,48,55,smoke_dqn_seed123.csv
train,0.1,1,-1,0.9982,104.5600537797834,71.52777777777779,54,10,0,0,1685.8,23.47926199261993,1709.27926199262,-1002.0,-168.58,-1170.5800000000002,58,43,64,57,66,smoke_dqn_seed123.csv
train,0.1,2,-1,0.9964,196.43630088599917,29.86111111111111,0,0,0,0,1570.6,23.47926199261993,1594.07926199262,-318.0,-157.06,-475.06,61,57,59,53,58,smoke_dqn_seed123.csv
train,0.1,3,-1,0.9946,187.88388046585013,39.23611111111111,0,0,1,1,1583.1,23.47926199261993,1606.57926199262,-245.0,-158.30999999999997,-403.31,48,69,64,52,55,smoke_dqn_seed123.csv
train,0.1,4,-1,0.9928,224.72550377306672,13.194444444444445,0,0,3,1,1539.5,23.47926199261993,1562.97926199262,-486.0,-153.95,-639.9499999999999,48,60,74,63,43,smoke_dqn_seed123.csv
train,0.1,5,-1,0.991,223.014701621922,22.916666666666664,0,0,4,2,1480.6,23.47926199261993,1504.07926199262,-410.0,-148.06,-558.06,63,72,53,46,54,smoke_dqn_seed123.csv
train,0.1,6,-1,0.9892,169.74357746855767,67.36111111111111,0,0,0,0,1544.4,23.47926199261993,1567.87926199262,6.0,-154.44,-148.44,54,61,70,51,52,smoke_dqn_seed123.csv
train,0.1,7,-1,0.9874,149.7716160182737,73.95833333333334,1,1,0,0,1467.9,23.47926199261993,1491.3792619926198,30.0,-146.79,-116.79,73,61,51,48,55,smoke_dqn_seed123.csv
train,0.1,8,-1,0.9856,245.47536802926797,11.11111111111111,0,0,73,4,1714.6,23.47926199261993,1738.07926199262,-1064.0,-171.46,-1235.46,50,52,53,71,62,smoke_dqn_seed123.csv
train,0.1,9,-1,0.9838,107.91594120701454,77.43055555555556,46,4,0,0,1628.4,23.47926199261993,1651.8792619926198,-789.0,-162.84,-951.8400000000004,58,57,50,63,60,smoke_dqn_seed123.csv
eval,0.1,9,0,0.0,107.87612823050884,74.30555555555556,51,10,0,0,945.6,23.47926199261993,969.07926199262,-918.0,-94.55999999999996,-1012.5600000000002,0,259,0,29,0,smoke_dqn_seed123.csv
eval,0.1,9,1,0.0,119.94250396455465,76.38888888888889,45,3,0,0,1118.5,23.47926199261993,1141.97926199262,-753.0,-111.85,-864.85,0,224,0,63,1,smoke_dqn_seed123.csv
train,0.1,10,-1,0.982,222.73126811079177,30.20833333333333,0,0,48,3,1599.6999999999998,23.47926199261993,1623.1792619926198,-699.0,-159.96999999999997,-858.97,61,47,64,59,57,smoke_dqn_seed123.csv
train,0.1,11,-1,0.9802,81.51102004346865,51.04166666666666,93,17,0,0,1452.8,23.47926199261993,1476.27926199262,-1953.0,-145.28,-2098.28,62,75,50,53,48,smoke_dqn_seed123.csv
train,0.1,12,-1,0.9784,232.42773798421604,13.541666666666666,0,0,16,7,1650.7999999999995,23.47926199261993,1674.2792619926197,-587.0,-165.08,-752.0799999999999,52,49,65,66,56,smoke_dqn_seed123.csv
train,0.1,13,-1,0.9766,139.34493486110648,93.4027777777778,0,0,0,0,1556.6,23.47926199261993,1580.07926199262,231.0,-155.66000000000005,75.33999999999999,67,51,58,54,58,smoke_dqn_seed123.csv
train,0.1,14,-1,0.9748,179.10710601060828,53.125,0,0,2,1,1727.5,23.47926199261993,1750.97926199262,-136.0,-172.75,-308.74999999999994,54,44,60,63,67,smoke_dqn_seed123.csv
train,0.1,15,-1,0.973,228.43658857466224,15.27777777777778,0,0,24,6,1687.6,23.47926199261993,1711.07926199262,-636.0,-168.76,-804.76,57,48,54,65,64,smoke_dqn_seed123.csv
train,0.1,16,-1,0.9712,94.29596645858236,58.333333333333336,98,4,0,0,1472.1,23.47926199261993,1495.57926199262,-1902.0,-147.21,-2049.21,67,60,57,55,49,smoke_dqn_seed123.csv
train,0.1,17,-1,0.9694,213.43707441977747,7.986111111111111,0,0,0,0,1649.1,23.47926199261993,1672.57926199262,-507.0,-164.91,-671.9100000000001,57,48,66,54,63,smoke_dqn_seed123.csv
train,0.1,18,-1,0.9676,130.4540538348648,67.01388888888889,31,2,0,0,1569.1,23.47926199261993,1592.57926199262,-600.0,-156.91,-756.91,61,56,63,49,59,smoke_dqn_seed123.csv
train,0.1,19,-1,0.9658,112.73062574581115,66.31944444444444,53,2,0,0,1452.8000000000002,23.47926199261993,1476.27926199262,-1029.0,-145.28,-1174.2800000000002,63,67,61,49,48,smoke_dqn_seed123.csv
eval,0.1,19,0,0.0,191.21790789624723,32.29166666666667,0,0,0,0,803.6000000000001,23.47926199261993,827.0792619926201,-297.0,-80.35999999999999,-377.3599999999999,1,287,0,0,0,smoke_dqn_seed123.csv
eval,0.1,19,1,0.0,127.53249625796748,75.34722222222221,10,4,0,0,806.4000000000001,23.47926199261993,829.8792619926201,-198.0,-80.63999999999999,-278.6400000000001,0,288,0,0,0,smoke_dqn_seed123.csv
train,0.1,0,-1,1.0,198.69117080260327,43.75,0,0,0,0,1632.4,23.47926199261993,1655.8792619926198,-198.0,-163.24,-361.24,54,59,56,59,60,smoke_dqn_seed456.csv
train,0.1,1,-1,0.9982,103.24130881094968,55.208333333333336,73,9,0,0,1711.6,23.47926199261993,1735.07926199262,-1560.0,-171.16,-1731.16,45,55,66,58,64,smoke_dqn_seed456.csv
train,0.1,2,-1,0.9964,116.58666501132797,95.13888888888889,0,0,0,0,1628.5,23.47926199261993,1651.97926199262,204.0,-162.84999999999997,41.150000000000006,62,54,53,54,65,smoke_dqn_seed456.csv
train,0.1,3,-1,0.9946,101.61481834051524,62.84722222222222,49,10,0,0,1563.1,23.47926199261993,1586.57926199262,-1071.0,-156.31,-1227.3100000000002,70,43,63,53,59,smoke_dqn_seed456.csv
train,0.1,4,-1,0.9928,88.8577058540064,61.11111111111112,49,10,0,0,1635.9,23.47926199261993,1659.37926199262,-1119.0,-163.59,-1282.59,61,52,60,48,67,smoke_dqn_seed456.csv
train,0.1,5,-1,0.991,107.2344681270163,42.36111111111111,92,4,0,0,1553.5,23.47926199261993,1576.97926199262,-1947.0,-155.35000000000002,-2102.35,56,59,63,59,51,smoke_dqn_seed456.csv
train,0.1,6,-1,0.9892,104.3412284790238,45.48611111111111,92,8,0,0,1506.1,23.47926199261993,1529.57926199262,-1947.0,-150.61,-2097.61,63,61,61,50,53,smoke_dqn_seed456.csv
train,0.1,7,-1,0.9874,109.8350123340197,94.0972222222222,1,1,0,0,1561.0,23.47926199261993,1584.47926199262,171.0,-156.10000000000002,14.899999999999991,56,64,50,68,50,smoke_dqn_seed456.csv
train,0.1,8,-1,0.9856,275.66244786605216,14.583333333333334,0,0,154,1,1675.7999999999995,23.47926199261993,1699.2792619926197,-1682.0,-167.57999999999998,-1849.5800000000004,58,55,54,51,70,smoke_dqn_seed456.csv
train,0.1,9,-1,0.9838,110.15848601616294,70.83333333333334,59,2,0,0,1540.8,23.47926199261993,1564.27926199262,-1074.0,-154.07999999999998,-1228.0800000000002,59,55,61,65,48,smoke_dqn_seed456.csv
eval,0.1,9,0,0.0,109.60670651639394,25.694444444444443,102,9,0,0,2496.9,23.47926199261993,2520.37926199262,-2310.0,-249.69,-2559.69,77,1,17,0,193,smoke_dqn_seed456.csv
eval,0.1,9,1,0.0,124.49358258577902,58.333333333333336,57,3,0,0,1778.2,23.47926199261993,1801.67926199262,-1134.0,-177.82,-1311.8200000000002,120,2,38,2,126,smoke_dqn_seed456.csv
train,0.1,10,-1,0.982,83.05865555372677,43.75,126,8,0,0,1571.8,23.47926199261993,1595.27926199262,-2568.0,-157.18,-2725.1800000000003,62,54,61,53,58,smoke_dqn_seed456.csv
train,0.1,11,-1,0.9802,182.4476943676325,48.95833333333333,0,0,0,0,1560.5,23.47926199261993,1583.97926199262,-153.0,-156.05,-309.05,60,55,60,60,53,smoke_dqn_seed456.csv
train,0.1,12,-1,0.9784,138.32549686675983,57.638888888888886,41,5,0,0,1518.4,23.47926199261993,1541.87926199262,-873.0,-151.84,-1024.84,61,60,62,53,52,smoke_dqn_seed456.csv
train,0.1,13,-1,0.9766,202.08508319032188,40.27777777777778,0,0,0,0,1740.7999999999995,23.47926199261993,1764.2792619926197,-228.0,-174.07999999999998,-402.08,46,66,48,56,72,smoke_dqn_seed456.csv
train,0.1,14,-1,0.9748,273.6517777528382,1.3888888888888888,0,0,96,5,1821.8,23.47926199261993,1845.27926199262,-1332.0,-182.18,-1514.1799999999998,50,46,53,61,78,smoke_dqn_seed456.csv
train,0.1,15,-1,0.973,70.0541429597742,26.38888888888889,175,11,0,0,1625.4,23.47926199261993,1648.87926199262,-3609.0,-162.54,-3771.54,48,58,66,62,54,smoke_dqn_seed456.csv
train,0.1,16,-1,0.9712,113.71341831788692,70.48611111111111,36,4,0,0,1543.1999999999998,23.47926199261993,1566.6792619926198,-675.0,-154.32,-829.3200000000002,57,53,76,50,52,smoke_dqn_seed456.csv
train,0.1,17,-1,0.9694,195.77654415116623,28.125,0,0,0,0,1696.7,23.47926199261993,1720.17926199262,-333.0,-169.67000000000002,-502.67,54,51,59,57,67,smoke_dqn_seed456.csv
train,0.1,18,-1,0.9676,219.95996974043908,15.27777777777778,0,0,0,0,1575.4,23.47926199261993,1598.87926199262,-444.0,-157.54000000000002,-601.54,63,54,57,56,58,smoke_dqn_seed456.csv
train,0.1,19,-1,0.9658,76.69639512252776,45.13888888888889,146,3,0,0,1501.1999999999998,23.47926199261993,1524.6792619926198,-2850.0,-150.12,-3000.12,55,69,62,54,48,smoke_dqn_seed456.csv
eval,0.1,19,0,0.0,157.0068714581772,18.055555555555557,55,5,0,0,865.5999999999999,23.47926199261993,889.0792619926199,-1476.0,-86.56,-1562.56,77,75,135,1,0,smoke_dqn_seed456.csv
eval,0.1,19,1,0.0,204.90696218801773,30.90277777777778,0,0,3,1,620.0000000000001,23.47926199261993,643.4792619926201,-333.0,-62.0,-395.0,113,110,65,0,0,smoke_dqn_seed456.csv
